山顶,人,山,河,日出,太阳光线
绿叶,水滴,自然风光
西班牙海岸,巴利阿里群岛,海,顶视图
海岸,海,草,岛,树,天空,云
北极光,森林,树木,河流,雪,夜,天空,星星
顶视图海,海滩,海浪
山,彩虹,树,云
西班牙海岸,巴利阿里群岛,海,顶视图
孤独的树,雪,阴影,冬天,天空,云,太阳
一片叶子,质地,水面
贝加尔湖,岛屿,湖泊,冰,日落,冬天
瑞士,伯尔尼阿尔卑斯山,湖泊,树木,瀑布
西班牙海岸,巴利阿里群岛,海,顶视图
野花,绿草,山,云,自然风光
特卡波湖,飞燕草,紫色的花朵,山,云,新西兰
冬天,雪,晚上,树木,树枝,黄昏
森林,树木,路径,树枝,树叶
索马里,顶视图,蓝色的大海,云
山,帐篷,雪
索马里,顶视图,蓝色的大海,云
芬兰,拉普兰,厚厚的雪,冬天,早晨
河流,芦苇,树木,蓝天,日落
树,湖,清水,山
绿树,桦树,路
海滩,海,海岸,石头,苔藓
瀑布,苔藓,丛林,石头,绿色
新西兰,库克山国家公园,山,雪,云
冬天,白雪,树影
森林,树木,绿色,湖泊
野花,草,颜色,北海道,日本
树木,树枝,雪,阳光,阴影,冬天
清澈的水,湖,岩石,山,雪
海,海岸,海滩,水泡沫,日落
阿根廷,阿空加瓜,山,雪,云
船,河,太阳光线,绿树,早晨,雾
海,海岸,海滩,水泡沫,日落
夏威夷,日落,大海,云,黄昏
山,路,树,秋天,云
阿根廷,阿空加瓜,山,雪,云
海,岛,棕榈树,天空,云,热带
山,树,池塘,村庄,蓝天 <span>4K</span>
热气球,山,天空,雾
南非,奥弗伯格,海,山,海滩,海岸 <span>4K</span>
中国青海楚马尔河 <span>5K</span>
一些蘑菇,绿草,自然 <span>4K</span>
峡谷,树木,雾,早晨 <span>4K</span>
南非,奥弗伯格,海,山,海滩,海岸 <span>4K</span>
中国青海楚马尔河 <span>5K</span>
海,珊瑚,水下,鱼,光线 <span>4K</span>
森林,树木,太阳光线,雪,冬天 <span>4K</span>
白桦树枝,雪,朦胧,冬天 <span>4K</span>
西藏,河流,树木,山脉,雪,云,中国
西藏,山,雪,河,中国 <span>5K</span>
绿色植物,叶子,茎,水
河,草,田野,日落,红色的天空,云 <span>5K</span>
日落,云彩,盐湖,茶卡镇,中国 <span>5K</span>
白桦林,树木,雾,早晨,秋天 <span>5K</span>
盐湖,云,山,茶卡镇,中国 <span>5K</span>
十六湖国家公园,克罗地亚,绿树,湖 <span>5K</span>
智利,巴塔哥尼亚,湖,山,绿色,自然
黎明,草,树木,道路,雾,HDR样式 <span>5K</span>
冬天,树木,雪,下雪,日落 <span>5K</span>
优胜美地国家公园,湖泊,水中倒影,山脉,树木 <span>4K</span>
森林,溪流,石头,树木,丛林,湖泊 <span>4K</span>
湖,水中的倒影,山,繁星点点,星星,夜晚 <span>5K</span>
一些红枫叶,阳光,眩光,秋天 <span>5K</span>
摩洛哥,沙漠,日落,天空,云 <span>5K</span>
瀑布,树木,俄勒冈州,美国 <span>5K</span>
湖,岩石,烟,雾,黄昏 <span>5K</span>
树木,日出,早晨,山顶 <span>4K</span>
阿拉斯加,冬天,山脉,河流,森林,雪 <span>4K</span>
埃文斯顿,密歇根湖,日落,云,木 <span>4K</span>
瑞士,山,坡,房屋,树木,绿色 <span>4K</span>
厚厚的积雪,树木,森林,日出,冬天,早晨 <span>5K</span>
厚厚的积雪,树木,森林,冬天,黄昏 <span>4K</span>
翡翠湖,山,自然景观 <span>4K</span>
厚厚的积雪,树木,森林,日出,冬天,早晨 <span>5K</span>
草,湖,绿,天空,云,太阳光线,黄昏 <span>4K</span>
会宁梯田,农村,中国
绿色植物,冷杉树枝,针 <span>4K</span>
海,海岸,山,悬崖,自然风光
瀑布,树木,夏天,阳光
会宁梯田,农村,中国
树,森林,草,阳光,夏天
绿色植物,树枝,眩光
海岸,大海,沙滩,泡沫,树木,蓝天
北极光,挪威,雪,岩石,海洋,星星,美丽的夜晚
太阳光线,丘陵,早晨,阿尔卑斯山,树木,房屋,雾
山,雪,雾,云,冬天 <span>5K</span>
森林,步道,树木,岩石 <span>5K</span>
森林,树木,雾,秋天,早晨
山,海,沙滩,草,云,黄昏
绿叶微距摄影,许多水滴
大雪,树木,房屋,白色世界,冬天
冷杉分支,针
早晨,田野,树木,云彩,日出
绿草叶,水滴,露水
山,海,沙滩,草,云,黄昏
大雪,树木,房屋,白色世界,冬天
树木,霜冻,田野,云彩,冬天,日落
树木,城市,夜晚,剪影
农村,稻田,水,树木
山,树,绿色,湖泊,水反射,云
美国佛罗里达州,沼泽地,沼泽,水,草,日落,云
意大利,蒙塔尔奇诺,托斯卡纳,绿色的田野,丘陵,树木,乡村
美国佛罗里达州,沼泽地,沼泽,水,草,日落,云
优胜美地国家公园,瀑布,山脉,森林,阴影,美国
冬天,雪,树,森林,小屋 <span>4K</span>
冬天,雪,山,夜,星空,星星
蜘蛛网,草 <span>5K</span>
白雪,树木,冬天,黄昏
瀑布,树木,石头,自然
风车,日落,红色的天空,云彩,剪影 <span>5K</span>
夜,河,树,灯光线
三叶草绿色叶子,阳光,朦胧
湖泊,树木,草木,自然风光
夜,河,树,灯光线
顶视图,山,树木,湖泊,绿色,田野,城镇
绿叶特写,水滴,眩光
灯塔,日落,红色的天空,云层,剪影
红伞,人,地平线,海,云,日落 <span>4K</span>
挪威,峡湾,山脉,夜晚,大海,剪影 <span>4K</span>
拉斯维加斯,棕榈树,瀑布,公园,美国 <span>4K</span>
瀑布,俄勒冈州,树木,石头,秋天,美国 <span>4K</span>
植物,许多绿叶 <span>4K</span>
拉斯维加斯,棕榈树,瀑布,公园,美国 <span>4K</span>
瀑布,俄勒冈州,树木,石头,秋天,美国 <span>4K</span>
印度尼西亚,西巴布亚,游艇,大海,岛屿 <span>4K</span>
绿草,光圈,朦胧,夏天
德国,树木,森林,绿叶,雾 <span>4K</span>
柳树,树木,河流,绿叶,自然 <span>4K</span>
森林,树木,草,雾,秋天,月亮 <span>4K</span>
洛矶山脉,冰川国家公园,树木,雪 <span>5K</span>
厚厚的积雪,树木,长凳,冬天 <span>4K</span>
草,红花,天空,夏天 <span>5K</span>
克罗地亚,瀑布,树木,湖泊,石头 <span>5K</span>
秋天,黄叶,树木,朦胧 <span>4K</span>
树,雾,秋天,早晨 <span>5K</span>
富士山,山,树,云,日本 <span>4K</span>
挪威,罗加兰,河流,雪,船,山,冬季 <span>4K</span>
海,棕榈树,剪影,日落,天空,云 <span>4K</span>
山,田野,雪,路,雾 <span>5K</span>
黄枫叶,阳光,秋天 <span>4K</span>
秋天,树木,河流,自然风光 <span>5K</span>
挪威,山,雾,森林,日出,早晨 <span>4K</span>
岩石山,树木,石头,湖泊,秋天 <span>5K</span>
冬天,早晨,树木,雪,太阳光线,雾 <span>4K</span>
树枝,芽,阳光,朦胧 <span>5K</span>
树,草,溪流,水 <span>4K</span>
泰国,风暴,闪电,大海,夜晚,云彩 <span>5K</span>
俄罗斯,堪察加半岛,山,草,雪 <span>4K</span>
拉森火山国家公园,树木,雪,冬天,斜坡,美国 <span>5K</span>
摩洛哥,沙漠,日落,红色的天空 <span>5K</span>
田野,道路,树木,云彩,黄昏 <span>5K</span>
维尔京群岛国家公园,海,树,沙滩,游艇 <span>4K</span>
瑞士,山脉,草地,房屋,树木,黄昏 <span>5K</span>
蓝色的水,游泳池,绿叶,瀑布,石头 <span>4K</span>
湖泊,草地,傍晚,日落,天空,云彩 <span>8K</span>
霍金山州立公园,森林,树木,瀑布
拉森火山国家公园,树木,雪,冬天,斜坡,美国 <span>5K</span>
德国,埃迪格尔 - 埃莱尔,林,桥,河,山
苏格兰,湖泊,日落,山脉,树木 <span>5K</span>
加利福尼亚州,内华达州,树木,河流,日出,早晨,冬天,美国
夏威夷,棕榈树,海洋,热带,树叶,天空,美国 <span>5K</span>
公园,树木,绿叶,阴影,阳光 <span>5K</span>
瑞典,孤独的树,雪,冬季 <span>5K</span>
加拿大西北地区,厚厚的积雪,树木,阳光,冬天 <span>5K</span>
法国,树木,绿色,池塘,云彩,天空,夏天 <span>5K</span>
蓝天,白云,阳光,眩光 <span>5K</span>
海,船,阳光,云,黄昏
马尔康杜国家公园,山,湖,云,法国
拉古纳,冰岛,岩石,水,黄昏 <span>5K</span>
巴西,伊瓜苏瀑布,瀑布,溪流,草,天空,云
冰岛,石头,苔藓,海洋,云彩,日落 <span>5K</span>
班夫国家公园,路易斯湖,山,树,人,加拿大
海,船,阳光,云,黄昏
拉古纳,冰岛,岩石,水,黄昏 <span>5K</span>
英格兰,瀑布,岩石,植物 <span>5K</span>
意大利,威尼托,山脉,雪,月亮 <span>5K</span>
十六湖国家公园,克罗地亚,湖泊,溪流,山,树木 <span>5K</span>
一些叶子,蓝色背景
树,黄叶,树枝,秋天
树木,道路,秋天,阳光
树木,篱笆,村庄,日出,雾,早晨
树,黄叶,河流,篱笆,阴影,秋天
树木,树枝,春天,芽,眩光
树木,天空,轮廓
孤独的树,绿色的田野,云
绿树,池塘,水中的倒影,夏天
树木,森林,河流,秋天,自然风光
日落,海,云,棕榈树,沙滩,橙色的天空
山,顶峰,雪,小屋
绿色的田野,树木,道路,自然风光
山,顶视图,道路,天空
山,雾,树木,自然景观,早晨 <span>4K</span>
山,顶视图,村庄,河,树,绿色,云彩
山,雪,山峰,冬天
山,顶视图,道路,天空
美丽的瀑布,阳光,强光,雾
日落,雪,树木,冬天,黄昏
海,岩石,梯子,云,水
美国华盛顿,山,树木,雪,云,自然
树木,斜坡,雪,冬天
秋天,树木,湖泊,山顶视图,蓝天
蒲公英,水滴,植物微距摄影
一些树木,湖泊,草,绿色,自然
孤独的树,草,剪影,日落
树木,小径,山脉,野花
树木,黄叶,树枝,阳光,秋天
红叶,霜冻,木板,秋天
树木,草,黄色,池塘,蓝天,秋天
早晨,树木,日出,池塘,雾,草
河流,岩石,山脉,草,云,黄昏
日落,海滩,大海,云彩,棕榈树,黄昏
绿叶微距摄影,纹理,树枝
湖泊,山脉,雪地,倒水,黄昏
自然,红叶,水滴,树枝
山,湖,雪,树木,水反射,自然
绿色狗尾草,草特写
栅栏,海岸,海洋,厚厚的云彩,日落
一些绿色的叶子,表面,水滴,露水
植物芽,嫩枝,柳树,春天
岩石,大海,水流,日落,云
一些叶子,眩光
美丽的自然景观,山脉,绿色,湖泊,水反射
树木,高山,湖泊,绿色,黄昏
绿叶微距摄影,一滴水
秋天,树木,森林,山脉,自然景观
顶视图,海洋,山脉,蓝色,船
山,湖,雪,草,美丽的自然景观
挪威,草,树,湖,阳光,秋天
山脉,山顶,树木,自然
美丽的北极光,河流,山脉,雪,月亮,星星
森林,树木,山脉,秋天,黄昏,自然景观
雪,白色世界,山,冬天
雷尼尔山,山,树,绿色,雪,花,美国
加拿大,山,路,树,云,黄昏
松树枝,坚果 <span>4K</span>
巴西,瀑布,悬崖,岩石 <span>5K</span>
秋天,树木,雾,黑白图片 <span>4K</span>
黄色枫叶,木栅栏 <span>5K</span>
树木,树枝,朦胧 <span>5K</span>
意大利,威尼托,山脉,雪,月亮 <span>5K</span>
铁路,树木,河流,山脉,加拿大 <span>5K</span>
冰岛,瀑布,溪流,水,岩石,雪 <span>5K</span>
山,树,云,黄昏,自然景观 <span>8K</span>
冰川国家公园,树木,山脉,溪流,美国 <span>5K</span>
早晨,湖,船,树,日出,云 <span>8K</span>
一棵树,剪影,繁星点点,星星,夜晚 <span>5K</span>
湖泊,山脉,树木,村庄,秋天 <span>8K</span>
冰岛,山,草,水坑 <span>8K</span>
农村,田野,树叶,日出,雾,早晨
松树枝,露水,日出,朦胧
大雨,水滴,光芒
亚利桑那州,山谷,山脉,花朵,日出,美国
巴伐利亚,德国,湖泊,山脉,树木,绿色,美丽的风景
美丽的秋天景色,树木,黄色和红色的树叶,路径
红枫叶,树木,秋天,朦胧
船,蔚蓝的大海,沙滩,棕榈树,云
闪电,木屋,夜晚,云
红叶,露水,水滴
美丽的自然景观,树木,河流,草,秋天
澳大利亚,岩石,海洋,自然风光
岩石,大海,沙滩,海浪,泡沫 <span>4K</span>
山,树,阳光,湖泊,雾
秋天,树,树枝,云,黄昏 <span>4K</span>
阿拉斯加,冰川,山,雪,海 <span>4K</span>
绿叶,霜冻,树枝,冬天 <span>5K</span>
湖,山,水反射,树木,云
湖泊,山脉,傍晚,自然风光
挪威,斯沃尔韦尔,冬天,北极光,湖泊,雪,夜
意大利,阿尔卑斯山,白云岩,草,山,花
山路,树木,阳光,云彩
美丽的瀑布,河流,云彩,冰岛
挪威,斯沃尔韦尔,冬天,北极光,湖泊,雪,夜
意大利,阿尔卑斯山,白云岩,草,山,花
山路,树木,阳光,云彩
危地马拉,瀑布,绿色
道路,田野,孤独的树,日落,云
危地马拉,瀑布,绿色
落基山国家公园,羊湖,树木,美国
乌克兰,日出,阳光,山脉,树木,岩石,秋天
新西兰,奥豪湖,波浪,山脉
波兰,森林,河流,树木,山脉
瀑布,树木,岩石,坎布里亚郡,英格兰 <span>4K</span>
海滩,大海,海岸,波浪,泡沫,阳光,云彩 <span>4K</span>
乌克兰,池塘,树木,绿色,夏天
印度尼西亚,巴厘岛,海,海岸,云,岩石
海,海岸,树木,圆石滩,美国
印度尼西亚,巴厘岛,海,海岸,云,岩石
黄花,绿树,蓝天,白云,阳光,夏天
森林,树木,雾,黎明,早上 <span>4K</span>
瀑布,树木,九寨沟国家公园,中国
河流,树木,凉亭,桥梁,蓝天,夏天
桦木,树木,黄叶,河流,蓝天,秋天
美丽的日落,海,云,天空,水中的倒影
莫斯科,俄罗斯,湖,草,树,云,秋天
树木,桦树,红色和黄色的叶子,秋天
新西兰,湖,雾,树,早晨,山,云
厚厚的积雪,树木,河流,雾,阳光,冬天 <span>4K</span>
清澈的湖水,树木,秋天,美国
意大利,白云岩,山脉,森林,山峰,云,雪
美国黄石国家公园,瀑布
希腊,拉科尼亚,海岸,大海,岛屿,阴影,树枝
山,湖,树,水中的倒影,雾 <span>4K</span>
美国黄石国家公园,瀑布
山,日落,夜,镇,河,雾
希腊,拉科尼亚,海岸,大海,岛屿,阴影,树枝
海滩,海,山,阳光,雾
道路,树木,树叶,路径,自然
田野,干草,日落
岛,湖,霜,树,日落
绿色的枫叶,树,眩光
汤普金斯瀑布,瀑布,青苔,岩石,纽约
红叶,树枝,云
汤普金斯瀑布,瀑布,青苔,岩石,纽约
红叶,冰,冷冻
植物,针,秋天,树枝
富山,山,湖,日本 <span>4K</span>
许多石头,湖泊,日落,自然风光
树木,桦木,雪,冬天,天空
海,岩石,云,日落,水流
温哥华,雪,山,云,冬天,加拿大
富山,山,湖,日本 <span>4K</span>
富士山,火山,雪,月亮,日本 <span>4K</span>
矢量设计,黄色和红色枫叶,秋天
不列颠哥伦比亚省,落基山脉,河流,云彩,加拿大
湖泊,石头,黄昏,日落,水中倒影
绿叶,水滴,光泽,黑色背景
乌云,海岸,海洋,岩石
沙漠,云,阳光,炎热
闪电,蓝天
竹,绿色,朦胧
日落,云,湖,水反射
一些岩石,海岸,雾,早晨
岩石,苔藓,绿色,山,云,朦胧
早晨,阳光,丘陵,草,草地,树木
日落,鸟类,云彩,天空,橙色
美丽的乡村,田野,树木,村庄,云
冰川,冰山,山脉,云层
绿草,露水,自然
海岸,沙滩,岩石,大海,阳光,早晨,雾
海浪,水滴,飞溅
湖,树,山,红色的天空,云,日落
早晨,树木,阳光,草,绿色,自然
红色浆果,树枝,朦胧的背景 <span>4K</span>
海,岩石,波浪,飞溅,自然景观
乌云,日落,月亮,天空
黄昏,湖泊,睡莲,石头,剪影
海岸,大海,苔藓,日落,云
多彩的枫树叶,树木,河流,秋天 <span>4K</span>
山,雪,日落,云,黄昏 <span>4K</span>
森林,树木,丛林,绿草
阿根廷,巴塔哥尼亚,湖泊,山脉,云彩,水反射
班夫国家公园,加拿大艾伯塔省,湖泊,山脉,树木,云层 <span>5K</span>
海,雪,冰,冰山,飞溅
绿草,水滴,露水,眩光,夏天 <span>5K</span>
加拿大,山,湖,树,云,自然景观
山脉,山谷,高度
棕榈树,剪影,云,黄昏
西班牙,云,山,谷,树木,田野,绿色 <span>5K</span>
树木,湖泊,日落,剪影 <span>4K</span>
树木,道路,阳光,眩光 <span>4K</span>
挪威,海德马克县,树木,雪,阳光,冬天 <span>4K</span>
德国,河流,树木,绿色,自然风光 <span>4K</span>
冬天,雪,树,草,河,云,黄昏 <span>5K</span>
绿色的小麦,红色的罂粟花朵,树木,云
农村,绿色的田野,道路,蓝天,云彩
河流,棕榈树,丛林,灌木丛,山脉,热带,萨摩亚
庞卡尔瀑布,越南,灌木,树木,水
瑞典,格罗丁格,河流,树木,草,云,阳光 <span>4K</span>
峡谷,阳光,自然景观,美国
庞卡尔瀑布,越南,灌木,树木,水
河流,棕榈树,丛林,灌木丛,山脉,热带,萨摩亚
瑞典,格罗丁格,河流,树木,草,云,阳光 <span>4K</span>
枞树,森林,阳光,雪,冬天 <span>4K</span>
日落,大海,石头,水溅,泡沫 <span>5K</span>
班夫国家公园,冬季,树木,雪,沛托湖,加拿大 <span>5K</span>
绿色的田野,树木,小山,云 <span>4K</span>
树木,森林,瀑布,绿色,小河 <span>4K</span>
山顶,树木,雾,女孩,早晨 <span>5K</span>
苏格兰,树木,灌木丛,草地,丘陵 <span>4K</span>
冰岛,瀑布,水流 <span>5K</span>
雪,树,日出,雾,山,冬天
树木,草,篱笆,夏天
海,沙滩,拱门,草,云,黄昏
田野,花朵,道路,日落,天空,云彩
蓝色的大海,波浪,水,泡沫,顶视图 <span>5K</span>
草,日落,小穗,夏天 <span>5K</span>
日出,雾,早晨,草,云 <span>5K</span>
意大利,树木,篱笆,秋天,奥西利亚湖 <span>5K</span>
草,朦胧的背景,黄昏 <span>5K</span>
英国,瀑布,水,石头,树木,苔藓 <span>5K</span>
草,树,射手,天空,云
山,岩石,高度,瀑布,云
月亮,湖,雪,山,冬,夜
湖,日落,剪影
河,树,雪,天云,黄昏
意大利,树木,篱笆,秋天,奥西利亚湖 <span>5K</span>
一个蘑菇,草
法国,布列塔尼,树木,森林,秋天,树叶,阳光
树木,小巷,道路,阳光 <span>4K</span>
冰岛,雪,蓝天,白云 <span>4K</span>
法国,瀑布,树木,雾 <span>4K</span>
树木,剪影,夜晚,天空 <span>4K</span>
九寨沟美丽的自然风光,湖,草,树木,中国 <span>4K</span>
厄瓜多尔,山脉,山谷,田野,黄色的花朵 <span>4K</span>
澳大利亚,树木,黎明,田野,山谷,阳光 <span>4K</span>
厄瓜多尔,山脉,山谷,田野,黄色的花朵 <span>4K</span>
加拿大,阳光明媚,湖泊,树木,石头,蓝天,白云 <span>4K</span>
秋天,树木,雪,森林,云 <span>4K</span>
北极光,星星,美丽的天空,夜晚 <span>4K</span>
棕榈树,船,海,热带,蓝天,白云 <span>4K</span>
希腊,科孚岛,海,石头,海岸
岩石,大海,日落,海岸,剪影 <span>5K</span>
草,树,雾,早晨,阳光,自然风光
乌克兰,喀尔巴阡,早晨,山脉,雾,森林,日出 <span>4K</span>
绿草,草坪,高尔夫球,树木,湖泊
河,树桩,风暴,乌云,夜晚
蒲公英,水滴,红色背景
希腊,科孚岛,海,石头,海岸
日落,渔夫,黄昏,海边,大海,剪影
克罗地亚,森林,瀑布,绿色的青苔
北极光,冬天,雪,树,晚上,星星
海洋,海岸,水溅,泡沫,石头
幽鹤国家公园,湖泊,山脉,树木,云,雪,加拿大
树木,山脉,北温哥华,河,加拿大
佛罗里达州,棕榈树,海岸,蓝色的大海,天空,云彩,美国
美丽的绿色田野,路径,洁白的云朵,阳光,夏天
孤独的树,小岛,大海,波浪,日落 <span>8K</span>
俄勒冈州,树木,森林,雾,湖泊,美国 <span>4K</span>
大海,岩石,云彩,黄昏,日落
湖,草,芦苇,日落,红色天空,剪影 <span>4K</span>
夜晚,星星,树木,剪影,天空 <span>5K</span>
秋天,树木,道路,红叶,草
自然,草,树,湖,日落 <span>4K</span>
一片黄色的枫叶,石头 <span>5K</span>
丛林,树木,绿色,小溪,苔藓
日落,红色的天空,云彩,剪影
挪威,霍达兰,树木,山脉,湖泊,日出,黎明
树,码头,桥梁,海洋,草
春天,花朵,黄色的油菜花
山脉,蓝天,白云,自然风光
红枫叶,微距摄影,秋天
北极光,美丽的夜晚,天空,星星,海洋,冰岛
冰岛,瀑布,岩石,日出,黎明 <span>4K</span>
树,红叶,山,秋天
山,湖,雪,蓝天,自然风光
橙色长叶,树枝,秋天
秋天,芦苇,树木,金色
悬崖,山,天空,自然景观
秋天,红枫叶,太阳光线,森林
冬天,雪,树,黄昏
暴风雨,乌云,田野,农村 <span>5K</span>
绿叶,水滴,露水,朦胧 <span>4K</span>
马尔康杜国家公园,山,湖,云,法国
优胜美地国家公园,雪人,雪,冬天,树木,阴影
巴西,伊瓜苏瀑布,瀑布,溪流,草,天空,云
冬天,厚厚的积雪,树木,蓝天,阴影 <span>4K</span>
雪,湖,湖边,山,冬天,日落,红色的天空 <span>4K</span>
树,山,湖,黑白图片 <span>5K</span>
公园,树木,路径,红叶,秋天 <span>5K</span>
红枫叶,雪,冬天
兰开夏郡,英格兰,湖泊,灌木丛,绿色,云彩 <span>5K</span>
Elowah 瀑布,瀑布,桥梁,岩石,苔藓,美国俄勒冈州 <span>4K</span>
树木,山顶,日出,早晨,雾 <span>5K</span>
山,雪,河,岩石 <span>4K</span>
Elowah 瀑布,瀑布,桥梁,岩石,苔藓,美国俄勒冈州 <span>4K</span>
山,雪,河,岩石 <span>4K</span>
沙漠,绿色背景 <span>4K</span>
湖,树,白花,公园
法国,科西嘉,地中海,岩石 <span>4K</span>
贾斯珀国家公园,加拿大,山,雪,河,森林,冬天 <span>4K</span>
亚利桑那州,新墨西哥州,大峡谷,日出,眩光 <span>4K</span>
樱桃树,路径,绿色,天空,云
公园,树木,草丛,台阶 <span>5K</span>
克罗地亚,特拉科斯坎,星星,草,树,河,夜 <span>4K</span>
自然景观,田野,云彩,日落,天空,绿色 <span>4K</span>
圣玛格达莱纳,意大利,白云岩,山脉,房屋,树木,田野 <span>4K</span>
山,湖,石头,绿色,草,蓝天 <span>4K</span>
克罗地亚,特拉科斯坎,星星,草,树,河,夜 <span>4K</span>
雪,干草,池塘,山脉,日落,冬天
圣玛格达莱纳,意大利,白云岩,山脉,房屋,树木,田野 <span>4K</span>
波多黎各,花卉,树枝,山脉,河流,雾
瀑布,泰国,树木,雾 <span>5K</span>
冬天,黄绿色的枫叶,雪,树
秋天,黄叶,树枝,湖,雾,早晨
干草,田野,日落,天空,云
人,剪影,日落,太阳,红色的天空 <span>4K</span>
一片枫叶,草,秋
田野,树木,蓝天,云
比斯开湾,西班牙,海,山,海滩
树木,绿色,池塘,自然风光 <span>4K</span>
松树枝,针,朦胧 <span>4K</span>
克罗地亚,游艇,海洋,海岸 <span>4K</span>
荷兰,公园,池塘,草,阳光,秋天 <span>4K</span>
蜘蛛网,露水,水滴,叶子,早晨 <span>4K</span>
新西兰,普拉考努伊瀑布,瀑布 <span>4K</span>
新西兰,普拉考努伊瀑布,瀑布 <span>4K</span>
保加利亚,山,草,自然景观 <span>4K</span>
雪、干莲子
山,长城,太阳光线,早晨,风景
树木,公园,黄色枫叶,太阳光线
草,剪影,日落,天空
草,冬天,雪
红枫叶,种子 <span>4K</span>
英格兰,彼得伯勒,公园,柳树,树木,湖泊,草 <span>4K</span>
沙子,绿叶,花朵
贝加尔湖,水,石头,山,天空,云 <span>5K</span>
柳树,绿叶,树枝,蓝天
瀑布,岩石,河流,雾 <span>4K</span>
英格兰,彼得伯勒,公园,柳树,树木,湖泊,草 <span>4K</span>
黄色枫叶,雪,冬天
海滩,岩石,大海,树木,黄昏
山,雾,高速公路,早晨
湖,山,树,秋,云,黄昏
冬天,枫树,红色和黄色的叶子,雪,公园
达特茅斯,英格兰,海,山
红枫叶,手,朦胧 <span>4K</span>
路,树,草,太阳,天空,云,自然 <span>5K</span>
新西兰,山,树,绿草地,羊 <span>5K</span>
草,剪影,日落,天空,云,黄昏 <span>4K</span>
湖,山,人跳水 <span>4K</span>
树木,红色的天空,日落,田野,草地 <span>5K</span>
冬天,黎明,日出,雪,树,山,太阳光线 <span>5K</span>
湖,石头,日落,山,树 <span>5K</span>
海,海滩,海岸,天空,云,墨尔本 <span>5K</span>
树木,山脉,阳光,云彩,草地,自然风光
班夫国家公园,加拿大艾伯塔省,湖,雪,树,山,冬天 <span>5K</span>
波罗的海,海鸥,篱笆,海滩,黄昏
达特茅斯,英格兰,海,山
冰岛,瀑布,彩虹,男人 <span>5K</span>
瑞典,雪,树木,日落,河流,冬天 <span>5K</span>
奥伯瑙,德国,树木,房屋,草地,绿色 <span>4K</span>
奥伯瑙,德国,树木,房屋,草地,绿色 <span>4K</span>
海浪,水流,海岸,岩石,云 <span>4K</span>
海岸,大海,岩石,岛屿,黄昏,墨尔本 <span>5K</span>
菲利普岛,墨尔本,岩石,海,云,天空 <span>4K</span>
白色洋甘菊花,绿树,蓝天,夏天
夏天,草地,绿色,树木 <span>5K</span>
山,河,太阳光线,云,早晨 <span>5K</span>
石头,水流,海
绿色的叶子,粉红色的花瓣 <span>4K</span>
树木,雪,太阳光线,雪花,冬天 <span>5K</span>
红岩,山,雪,湖,自然风光
墨尔本,海,岛,沙滩,云 <span>5K</span>
树木,雪,太阳光线,雪花,冬天 <span>5K</span>
秋天,树木,黄色的枫叶,道路,田野 <span>5K</span>
树,山,日落,太阳光线,云,黄昏
阿卡斯洛姆波罗,芬兰,厚厚的积雪,树木,湖泊,冬季
希腊,岛屿,蓝色的大海,帕纳吉亚
冰岛,瀑布,山脉,火山,黄昏
悬崖,山,石,瀑布,海
阿卡斯洛姆波罗,芬兰,厚厚的积雪,树木,湖泊,冬季
西伯利亚,河流,树木,绿色,森林,蓝天
希腊,岛屿,蓝色的大海,帕纳吉亚
美丽的冬天,树木,雪,日落,天空,云
罗马尼亚,干草堆,树木,田野,丘陵,蓝天,云彩
冬天,雪,树,坡,日落,黄昏
风暴,海,云,海岸
希腊,岛屿,蓝色的大海,帕纳吉亚
美丽的秋天,道路,树木,黄叶
山,树,云,灌木
德国,湖,树,草,绿,自然风光
墨尔本,瀑布,小溪,植物 <span>5K</span>
冰川国家公园,湖泊,山脉,天空,云彩,美国
德国,拜仁,树木,阳光,自然风光
优胜美地国家公园,春季瀑布,瀑布,树木
班夫国家公园,弓河,山脉,树木,加拿大
厚厚的积雪,树木,阳光,眩光,冬天
瑞士,雪,冬天,树木,森林,紫色
优胜美地国家公园,山谷,岩石,瀑布,彩虹
瑞典,日落,山,云,自然
长江,河流,山脉,日出,雾,早晨,中国
山,岩石,悬崖,阳光,自然
金山岭长城,山,云,雾,早晨,中国 <span>5K</span>
红岩山,雪,自然风光
墨尔本,瀑布,石头,植物 <span>5K</span>
蓝色的湖,山,雪,天空,自然景观
金山岭长城,山,云,雾,早晨,中国 <span>5K</span>
丛林,阳光,树木,小溪,石头
湖,湖边,树木,天空,云彩,日落 <span>4K</span>
橙色和黄色枫叶,树,秋天
金山岭长城,山,云,雾,早晨,中国 <span>5K</span>
顶视图,天空,厚厚的云层,阳光
自然景观,山,林,云
山,雪,星星,天空
顶视图,天空,厚厚的云层,阳光
西藏,山,河,云,自然景观
丛林,阳光,树木,小溪,石头
云杉,树枝,绿针
一片红枫叶,蓝色背景
绒毛,植物,朦胧 <span>4K</span>
树枝,水果,蓝天
大雪,雪花,树木,太阳光线,阴影,冬天 <span>5K</span>
树木,绿草,天空,朦胧
英格兰,哈尔纳克,西萨塞克斯郡,树木,隧道,道路
秋天,树木,雾,长凳,黄叶,草
花,树,山,谷仓,小屋,日落
英格兰,哈尔纳克,西萨塞克斯郡,树木,隧道,道路
清澈的水,波浪,闪耀
柳树枝,绿叶,树,天空
雪,湖,草,冬天,层
芦苇,红色的太阳,早晨
山,河,日落,橙色的天空
喀纳斯湖,新疆,树木,河流,山脉,秋天,中国 <span>5K</span>
海,早晨,雾,厦门,中国 <span>5K</span>
芦苇,树木,草,山,鸟,秋天 <span>5K</span>
乌兰布统,秋天,树木,雾,早晨,中国 <span>5K</span>
青山,斜坡,草,树,日出,早晨
海,早晨,雾,厦门,中国 <span>5K</span>
库木塔格沙漠,人,骆驼 <span>5K</span>
红枫叶,绿草,秋天 <span>4K</span>
海,许多石头,海岸,云,黄昏
湖,山,悬崖,树,太阳光线 <span>4K</span>
美丽的夏天,绿树和草,湖,蓝天,云
岩石,大海,太阳光线,天空,海岸 <span>5K</span>
蓝紫蘑菇,绿草如茵,朦胧 <span>4K</span>
绿草叶,许多水滴,闪耀 <span>4K</span>
两个蘑菇,草,光圈 <span>4K</span>
金色的田野,雾,山,云,日出,乡村
山,谷,河,路,悬崖,蓝天 <span>4K</span>
新疆,湖泊,罗布湖,树木,沙漠,沙丘,中国 <span>4K</span>
峡谷,太阳光线,日落,云彩,剪影
黄河,山,雾,草,早晨,中国
日落,树,剪影,云,湖,夜
新疆,湖泊,树木,沙漠 <span>5K</span>
夏威夷,棕榈树,剪影,日落,大海,云
瑞士,湖,水中倒影,蓝天,山
绿叶,许多水滴,露水
鹅卵石,石头,海岸,朦胧 <span>5K</span>
新疆,树木,森林,雾,秋天,中国 <span>5K</span>
日落,红色的天空,云,山
罗马尼亚,湖泊,山脉,水反射 <span>4K</span>
威尔士,爱尔兰海,海鹦岛,花,英国
尼亚加拉大瀑布,瀑布,雪,树,冬天
英国,花园,树木,花卉,草地 <span>4K</span>
草,小穗,昆虫,朦胧 <span>4K</span>
石头,海岸,海洋,天空,云彩,日落,黄昏 <span>4K</span>
苏门答腊,山脉,树木,自然景观,印度尼西亚 <span>4K</span>
科罗拉多州,山脉,湖泊,山谷,花朵,云彩,美国 <span>4K</span>
瀑布,岩石,树木,秋天
冬天,树木,雪,湖,日落,云,冰
拉多加,树木,岩石,湖泊,秋天
冰岛,瀑布,塞里雅兰瀑布,云,天空
山,房子,岩石,云,天空
俄罗斯,堪察加半岛,树木,山脉,雾
青山,粉红色的花朵,日出,云
树木,岩石,山脉,日落,红色的天空
乌克兰,卡尔米乌斯,河流,树木,雾,秋天
乌克兰,卡尔米乌斯,河流,树木,雾,秋天
瀑布,太阳光线,岩石,竹子,绿色
河,树,草,太阳光线,云,早晨
一条船,海,日落
橙色蘑菇微距摄影,绿色背景
三片叶子,绿色植物,阳光,夏天
冬天,山,河,森林,树,雪,云
黄色枫叶,绿色背景,秋天
瀑布,克拉维斯瀑布,树木,水流,波斯尼亚和黑塞哥维那
桦木森林,树木,阳光,秋天
波特兰,枫树,红黄枫叶,秋天
捷克共和国,湖泊,白云,蓝天,水中倒影
泰国,普吉岛,蔚蓝的大海,船只,岛屿
爱沙尼亚,绿树,湖泊,田野,顶视图
许多黄色蘑菇,朦胧
湖,树,山,格伦维国家公园,爱尔兰 <span>4K</span>
桦木,树木,森林,路径,秋天 <span>5K</span>
爱沙尼亚,绿树,湖泊,田野,顶视图
美丽的田野,日落,云,黄昏,树木
湖,树,山,格伦维国家公园,爱尔兰 <span>4K</span>
苏格兰,森林,树木,小径
冰岛,山,草,乌云,海
干叶,片材,微距摄影,朦胧 <span>5K</span>
山,水流,树木,石头
雪,山,湖,水中倒影,冬天
美丽的白蘑菇,自然
山,路,云,草,自然景观
田野,树木,山丘,蓝天
蒲公英,绒毛,水滴,红色背景
自然,绿叶,植物,背光 <span>5K</span>
湖,山,雪,树,云,西藏,中国 <span>5K</span>
山脉,雪,太阳光线,雾,山谷
海岸,海洋,岩石,海滩,云彩,黄昏 <span>4K</span>
蒲公英微距摄影,水滴,绒毛
诺曼底,法国,海,悬崖,天空,云
干草,灌木,黑暗
冰岛,草,云,天空
绿草,黑色背景,阳光
夏天,狗尾草,光圈,朦胧
极光,芦苇,星星,夜晚
山,草,河,路,云,雾,新疆,中国 <span>8K</span>
树木,剪影,湖,日落,云 <span>4K</span>
森林,绿色,湖泊,蓝天,云彩
冰岛,瀑布,青苔,秋天 <span>5K</span>
湖,草,芦苇,蓝天,水波,闪耀 <span>8K</span>
湖泊,飞鸟,日落,草地,秋天
马来西亚,山脉,岛屿,海洋,海岸,码头 <span>4K</span>
树,树干,根,绿色的青苔,灌木
森林,绿色,湖泊,蓝天,云彩
早晨,道路,树木,雾气,阳光
栅栏,草,沼泽,黄昏,云彩,日落
绿草,池塘
草叶,绿色;,露水,阳光,早晨
瀑布,雾,石头,苔藓,顶视图
瀑布,苔藓,岩石,自然风光
日落,云,海洋,海岸,天空
森林,树木,苔藓,绿色,朦胧
一片绿色的三叶草叶,水滴
大雪,树木,树枝,日落,冬天
孤独的树,日落,云,草
冬天,山,树,雪,白色的世界
绿草叶子,朦胧的背景
山,草,湖,村庄,云
树木,绿色,湖泊,清水,岩石,山脉,云层
草,风,夏天
湖泊,水反射,山脉,云彩,美丽的自然景观
海洋,蓝色,天蓝色,岛屿,热带,海滩
湖,树木,房屋,水中的倒影,蓝天,飞鸟
冰山,海洋,南极洲
红枫叶,长凳,朦胧
绿叶,水滴,光泽,黑色背景
瀑布,岩石,灌木丛,林地 <span>4K</span>
山,绿色,灌木,草,小河,岩石,夏天
山,绿树,湖,自然景观 <span>4K</span>
早晨,山,树,太阳光线,剪影,田野,中国 <span>8K</span>
美丽的新疆,山,田,房子,村,云,中国 <span>8K</span>
绿叶,水滴,闪耀
湖泊,岩石,草,树,星星,灯光 <span>4K</span>
丛林,热带,森林,树木,绿色 <span>4K</span>
红枫叶,背光
橙色枫叶,星星,光芒 <span>4K</span>
松果,绿针叶
绿叶,植物,水滴
加利福尼亚,海,海洋,沙滩,人,蓝天
山,岩石,雪,天空,云
厚厚的雪,森林,树木,冰冻,冬天
蓝天,白云,阳光,鸟飞
船,人,海,日出 <span>5K</span>
麦田,日落,路径
田野,线条,蓝天,白云
美丽的山谷,绿色,山脉,道路
绿草叶,阳光 <span>5K</span>
竹子,光圈
海,海滩,海岸,海岛
海,水溅,海岸,日落
秋天,树木,许多黄色枫叶,路径
竹林,绿叶
太阳光线,鲜花,乡村,山脉
木头,树桩,质地
冬天,厚厚的雪,森林,树木,日落,太阳光线
绿色小麦特写,穗状花序
雪,树枝,红浆果
海,日落,岩石,拱门,波浪,泡沫,海岸
绿色的田野,树木,蓝天,白云
雪,湖,树,山,冬天
海岸,大海,泡沫,日落
植物,绿叶特写,鲜花 <span>5K</span>
秋天,黄色枫叶,树枝 <span>5K</span>
夜晚,天空,繁星点点,树木,剪影 <span>4K</span>
河,水流,石头,草 <span>8K</span>
红绿叶微距摄影 <span>5K</span>
山,雪,树,路,灯光线,黄昏 <span>4K</span>
河流,树木,树叶,黄色,红色,绿色,秋天
意大利,白云岩,山,雪,树,天空
法国,科西嘉,河流,岩石,树木,黄昏
河,山,雪,绿色,自然景观
十六湖,克罗地亚,山,绿色植物
麦田,树木,雾,早晨
草,裂地
草,温暖的光线,早晨
农村,田野,树木,阳光,云
洋甘菊花,小麦,风
树木,森林,木屋,河流,草,绿色
埃克斯穆尔国家公园,大海,日落,黄色的花朵,英国 <span>4K</span>
干蕨叶 <span>4K</span>
乔治亚公园,瀑布,石头,苔藓
南极洲,冰柱,冰 <span>4K</span>
森林,树木,道路,薄雾,雾
绿树,瀑布,水流,岩石,森林
瀑布,河流,绳索,船
农村,道路,绿色的田野,树木,云彩,日落 <span>4K</span>
夏天,绿色的田野,树木,日出
沙漠,天空,云,风暴,植被
道路,树木,日落,阴影 <span>5K</span>
河流,树木,雾气,倒水,早晨,紫色
九寨沟国家公园,中国,湖泊,山脉,树木,阳光,绿色 <span>4K</span>
树干,苔藓,红叶,阳光
华盛顿,湖泊,树木,水中的倒影,秋天 <span>4K</span>
草,花,朦胧,自然
蒲公英,水滴,露珠
农村,田野,村庄,丘陵,云层
树木,瀑布,云彩,自然景观
冬天,树,霜,雪,田野,蓝天,云
村庄,剪影,云,日落,夜晚
美丽的瀑布,草,雾,绿色
峡谷,瀑布,悬崖,美丽的自然景观
海滩,大海,泡沫,水,云,日落
山,谷,云,植物
洞穴,光线,夜晚
山脉,绿色,森林,自然风光
瀑布,树木,绿色,森林
大海,日落,水溅,岩石
夜晚,森林,树木,雾
日出,大海,地平线,早晨
山脉,绿色,森林,自然风光
湖泊,山脉,树木,云层,水面反射,怀俄明州
海,地平线,岛,天空,云
海,岩石,波浪,泡沫,山脉,黄昏
绿色植物,阳光,自然
红色和绿色的枫叶,朦胧
海,海浪,泡沫,海滩,云彩,日落
湖泊,平静的水面,倒影,山脉
森林,树,绿色的苔藓,自然
鸟儿飞翔在天空,日落,海滩,大海
冬天,雪,树,阳光,阴影,路径
山,坡,草,湖,水滴 <span>4K</span>
一滴蓝色水滴,绿草叶
美丽的北极光,雪,星星,夜晚
阿拉斯加,河流,石头,树木,山脉,自然风光
星空,天空,夜晚,树木,剪影 <span>4K</span>
山,雪,湖,水反射,树木,美丽的自然景观
美丽的夕阳,大海,天空,云彩,海岸
新西兰,河流,日落,山脉
山,悬崖,高度,人 <span>5K</span>
荒芜的峡谷地
海洋,灯塔,星星,云,悬崖,美丽的风景
夜,湖,树木,平静,剪影
海岸,沙滩,大海,海浪,泡沫,日落
海,岛,云,自然风光
葡萄园,绿色,斜坡,阳光
美丽的瀑布,石头
美丽的瀑布,很多鱼
一些红叶,朦胧的背景,秋天
岩石,小河,水
山,悬崖,高度,人 <span>5K</span>
台湾,海,岩石,山
绿叶表面,一些水滴
草地,绿草,树木,阳光,云彩
山,湖,云,黄昏,自然
许多绿草,自然 <span>5K</span>
湖泊,日落,天空,云彩,黄昏,天鹅
森林,树木,阴影,阳光 <span>4K</span>
枯树,灌木,天空,云彩
湖泊,森林,树木,清澈的水,自然,反射 <span>4K</span>
绿叶,树枝,朦胧的背景
冬天,雪,森林,树木,山顶,阳光 <span>4K</span>
瀑布,岩石,树木
葡萄园,斜坡,房屋,阳光
栅栏,山脉,雪,顶视图,日出,早晨
冰川国家公园,湖泊,水反射,山,树木,美国 <span>4K</span>
树木,瀑布,水花,自然景观
绿叶,栅栏,朦胧
一些黄色的枫叶,秋天
日落,红云,天空,黄昏,农村
绿草叶子,天空,光芒,眩光
树木,雾,长凳,阳光,早晨,公园
绿蕨叶,背光
红木,树木,森林,阳光 <span>4K</span>
蓝天,白云,自然风光
绿叶特写,斑点,朦胧
热带,海洋,海岸,棕榈树,岛屿,云
加拿大,魁北克,湖泊,天空,星空,星星
鹅卵石,海岸,朦胧 <span>5K</span>
绿叶,光
山脉,河流,峡湾,阳光,美丽的自然景观
秋天美丽的公园,黄色的枫叶,树木,潮湿的道路
绿色的田野,云彩,天空
山,树,河,自然风光
加拿大,魁北克,湖泊,天空,星空,星星
山,云,日落,阳光 <span>4K</span>
法国,科西嘉岛,地中海,大海,沙滩,岩石,日落
幽鹤国家公园,加拿大,山,石头,水坑
岩石,日落,山顶
幽鹤国家公园,加拿大,山,石头,水坑
雪,水,冰,泡沫,冬天
美丽的秋天,公园,池塘,柳树,树木 <span>4K</span>
一只蘑菇,苔藓,黑暗 <span>5K</span>
山,弯路,云,黄昏 <span>4K</span>
蓝色风格,山,湖,清澈的水,水中的倒影,雪,黄昏
山顶,顶点,雪,云,冬天
美丽的山风光,草地,绿色
火山湖国家公园,山脉,森林,岛屿,美国 <span>5K</span>
海,海岸,鹅卵石,雾,早晨 <span>5K</span>
秋天,森林,树木,红色和黄色的叶子
绿色植物特写,叶子,水滴,粉红色的花朵 <span>5K</span>
冰川国家公园,山,湖,树,云,加拿大 <span>5K</span>
绿叶,植物,朦胧 <span>4K</span>
布莱斯峡谷国家公园,树木,岩石,犹他州,美国
一张绿叶微距摄影,水滴,纹理
山,草,树,绿色,石头,天空,云
秋天,岩石,树木,雾,早晨,河流
马赛,法国,海,岛,天空,云 <span>4K</span>
月亮,明亮,云,夜 <span>4K</span>
两棵棕榈树,椰子,蓝天 <span>4K</span>
绿色蕨叶特写,植物 <span>5K</span>
植物茎,水滴,蓝色背景 <span>5K</span>
瀑布,夜晚,繁星点点,星星,悬崖,山脉 <span>5K</span>
棕榈树,剪影,日落,天空,云 <span>5K</span>
人,湖,剪影,日落,云,红色的天空,夜晚,山脉 <span>5K</span>
山,雪,雾,日落,天空
植物茎,水滴,蓝色背景 <span>5K</span>
树,绿叶,树枝,自然
秋天,树木,河流,山脉,日出,云 <span>5K</span>
山,树,雾,早晨,鹿 <span>5K</span>
冬天,雪,森林,树,雾,河,甘南,中国 <span>5K</span>
甘南,瀑布,水流,中国 <span>5K</span>
山,瀑布,河,雾,云,人 <span>5K</span>
绿色小麦,小穗
山,剪影,日落,夜晚
阿拉斯加,山,树,河,草,秋天,美国 <span>5K</span>
绿叶,树枝,蓝天,夏天 <span>4K</span>
湖,山,蓝天,自然 <span>4K</span>
加拿大,瀑布,河流,桥梁,早晨,日出 <span>5K</span>
山,草,树,悬崖
森林,苔藓,绿色,阳光,眩光
草原,河流,山脉
德国,河流,树木,道路,绿色
冰川国家公园,清澈的水,树木,水中的倒影
挪威,冬天,雪,树,湖,山,天空
山,雪,天空,树木,自然景观 <span>5K</span>
岩石,石头,海洋,波浪,泡沫,海岸 <span>4K</span>
俄勒冈花园,树木,公园,美国 <span>5K</span>
新西兰,山,绿色,栅栏,云
自然景观,山,蓝色,早晨,雾 <span>4K</span>
俄罗斯,堪察加半岛,山脉,小河,雪
克罗地亚,海滩,岩石,树木,大海 <span>4K</span>
夏威夷,棕榈树,海,日出,岛屿,天空,云 <span>4K</span>
松绿叶微距摄影
雾,早晨,树木,田野,日出,朦胧 <span>5K</span>
山,路,谷 <span>4K</span>
棕榈树叶,日落,剪影 <span>4K</span>
冰川国家公园,树木,山脉,河流,美国 <span>5K</span>
早晨,雾,河流,树木,秋天,朦胧 <span>5K</span>
一些树木,蓝天,夏天
苏格兰,树木,湖泊,船,草,秋天
成熟的小麦
山,谷,太阳光线,早晨,黎明 <span>4K</span>
法国,瀑布,岩石,苔藓,树叶,秋天
湖,芦苇,草,山,天空,云,太阳 <span>4K</span>
夏天,树木,绿色,阳光,早晨 <span>4K</span>
冰岛,山,雪,石头,黄昏 <span>4K</span>
厚厚的积雪,树木,冬天,日出,早晨,阴影 <span>4K</span>
德国,美因茨,树木,月亮,湖泊,水中的倒影 <span>4K</span>
德国,美因茨,树木,月亮,湖泊,水中的倒影 <span>4K</span>
挪威,盖朗厄尔峡湾,山脉,山谷,船 <span>4K</span>
早晨,湖泊,树木,草地,日出,美丽的自然景观 <span>4K</span>
美国,海,树,草,蓝天,云 <span>4K</span>
大树,绿叶
苏格兰,森林,树木,阳光,早晨 <span>4K</span>
阿尔卑斯山,勃朗峰,山,雪,云,黄昏 <span>4K</span>
山,海岸,海,船,天空,云
骆驼,湖泊,沙漠
美国大峡谷,红色岩石,河流,黄昏 <span>4K</span>
海岸,海洋,云彩,阳光,眩光
树木,篱笆,秋天,金色
希腊,科孚岛,海,沙滩,岩石 <span>4K</span>
闪电,岩石,云层,风暴
蔚蓝的大海和天空,海岸
瑞典,雪,树,河,冬天,日落 <span>4K</span>
山顶,顶点,雪,云,冬天
瑞士,山,坡,草,树,路径,秋天 <span>4K</span>
绿地,树木,电力线,阳光
棕榈树叶,阳光,强光
法国,绿色草地,海岸,海,云 <span>4K</span>
棕榈树叶,阳光,强光
海,冰,山,云,黄昏
红叶特写,朦胧的背景
山,湖,雪,树,自然风光
灯,树,雪,冬天
山,雪,彩虹 <span>5K</span>
树木,河流,阳光,自然风光
美丽的自然景观,湖泊,树木,山脉,中国九寨沟 <span>5K</span>
Kvalvika海滩,挪威,海,山,雪,云,黄昏 <span>5K</span>
绿叶微距摄影,一半
湖,树,雾,日落,朦胧 <span>5K</span>
苏格兰,湖,云,山 <span>4K</span>
美丽的自然景观,湖泊,树木,山脉,中国九寨沟 <span>5K</span>
枫叶,鞋子,秋天 <span>5K</span>
湖泊,树木,水中的倒影,云,日落
山,湖泊,水中的倒影,树木,房屋,村庄 <span>4K</span>
葡萄园,葡萄,绿叶,阳光 <span>4K</span>
冰岛,湖泊,瀑布,绿色,山脉,云彩 <span>4K</span>
海,岩石,剪影,云,日落,红色的天空 <span>4K</span>
美丽的自然景观,湖泊,树木,山脉,中国九寨沟 <span>5K</span>
枫叶,鞋子,秋天 <span>5K</span>
葡萄园,葡萄,绿叶,阳光 <span>4K</span>
冰岛,湖泊,瀑布,绿色,山脉,云彩 <span>4K</span>
米尔福德,新西兰,湖,山
马赛,岩石,蓝色的大海,法国 <span>4K</span>
海,岩石,剪影,云,日落,红色的天空 <span>4K</span>
山,湖泊,水中的倒影,树木,房屋,村庄 <span>4K</span>
秋天,树木,道路,阳光,黄叶 <span>5K</span>
加拿大,山,河,灌木丛,蓝天
山,树,铁路,湖泊,蓝天
许多黄色的枫叶,树枝,金色的秋天
山,天空,日出,黎明,早晨 <span>5K</span>
班夫国家公园,山,雪,森林,树木,湖泊,加拿大 <span>4K</span>
新西兰,海洋,石头,日落,岩石,海滩 <span>4K</span>
海,洞,阳光,黄昏
尼亚加拉大瀑布,水溅,雾
海,洞,阳光,黄昏
山,苔藓,草,岩石 <span>5K</span>
冬天,雪,路,日落,树木
绿色荨麻叶子特写,植物
冰岛,山,水反射,湖
孤独的树,天空,湖泊,水中的倒影,云,日落 <span>5K</span>
冰岛,山,草,雪,湖,水中的倒影 <span>5K</span>
植物,水滴,灰色背景 <span>5K</span>
枫叶,鞋子,秋天 <span>5K</span>
灌木,红叶,秋天 <span>5K</span>
枫树,黄叶,草,太阳光线,秋天 <span>5K</span>
水下,珊瑚,五颜六色,像花一样 <span>5K</span>
美丽的秋天,树木,红叶,长凳
树木,田野,玉米
海,灯塔,云,自然
悬崖,山,坡,绿色,云
冰川国家公园,两药湖,山,树,日落 <span>5K</span>
秋天,树木,红叶,路径,太阳光线,早晨
秋天,树木,道路,阳光,黄叶 <span>5K</span>
海,海岸,海滩,石头,苔藓,夜晚,佛罗里达州,美国
孤独的树,天空,湖泊,水中的倒影,云,日落 <span>5K</span>
沿海,海,沙滩,云,日落
秋天,树木,红叶,路径,太阳光线,早晨
森林,瀑布,池塘,水,秋天
绿色蕨叶,植物
石头,溪流,苔藓,瀑布
橡树,树枝,树叶
冰岛,山,草,雪,湖,水中的倒影 <span>5K</span>
雷尼尔山,雪,树木,冬天,美国
夜,山,雪,树,满天星斗,星星,天空
村庄,木屋,树木,栅栏,草地
湖,夜,山,星星,天空,自然景观
罗马尼亚,河流,绿树,山
一片红叶,绿草
顶视图,蓝色湖泊,绿色森林
红叶,水滴,黑暗
红色峡谷,岩石
植物,水滴,灰色背景 <span>5K</span>
湖,山,雪,林,树,乌云
冰岛,山,草,雪,湖,水中的倒影 <span>5K</span>
松枝,树枝,绿叶
瑞士,山,树,蓝天,云,自然景观 <span>5K</span>
红叶微距摄影,一些水滴
班夫国家公园,加拿大艾伯塔省,湖,雪,树,山,冬天 <span>5K</span>
莫顿植物园,绿色,公园,树木,池塘,美国
枫叶,鞋子,秋天 <span>5K</span>
雷尼尔山,雪,夜,星星,天空,灯光,树木,美国
冰岛,山,草,雪,湖,水中的倒影 <span>5K</span>
莫顿植物园,绿色,公园,树木,池塘,美国
班夫国家公园,加拿大艾伯塔省,湖,雪,树,山,冬天 <span>5K</span>
山,雪,路,自然景观
森林,树木,太阳光线,阴影 <span>5K</span>
俄勒冈州,山,雪,森林,树木,石头,小溪
比利时,森林,树木,蓝色的花朵
草,树,日落,眩光,夏天
雷尼尔山国家公园,植物,花卉,小溪,美国
河流,树木,瀑布,岩石,自然,加拿大
绿叶,水滴,露水
满天星斗,星星,天空,夜晚,树木,剪影 <span>5K</span>
树木,绿色,长凳,小径,小溪 <span>4K</span>
红蘑菇,朦胧
日落,河流,树木,背光
海滩,棕榈树,剪影,日落
夜晚,星星,繁星点点,树木,湖泊,剪影 <span>5K</span>
日落,海,天空,地平线,船 <span>5K</span>
弓湖,树木,山,雪,云,加拿大
植物,绿叶,水滴 <span>5K</span>
美国,森林,树木,自然风光,蓝天
山谷,山,树,花,天空,云
绿色和红色枫叶,树枝,自然
森林,粉红色的花朵,阳光,阴影,春天
枫叶,背光
山,日出,太阳光线,树木,早晨,天空
草,朦胧的背景
浆果,微距摄影,树枝,朦胧
寒冷的冬天,湖泊,山脉,雪,黄昏,蓝色
美丽的瀑布,山,石,雾,树,中国
啤酒花,树叶,阳光
五颜六色的泡泡,草,阳光
森林,树木,阳光,早晨,雾
绿树,草地,蓝天,白云,太阳
麦田,绿叶,小路,白云,蓝天
田野,道路,草地,干草,蓝天
冰岛,海,海岸,岩石,水溅,云
山,雪,天空,云,黄昏
冰山,层,冰
灯塔,北极光,大海,美丽的天空,夜晚
夜晚,河流,灯光,星星,天空
冰岛,冰,海,黄昏,雪
岩石,洞,树,河
美丽的秋天,树木,红叶,石头,小溪
峡谷地,岩石,蓝天,云彩,阳光
树木,草,斜坡,阳光,早晨
夜,海,天空,云,绿色
印度,绿色的田野
海,波浪,水溅,太阳光线
绿色的山丘,田野,树木,云层
谷,山,影,路,云,自然景观
美丽的自然景观,树木,绿色,山脉,湖泊,云
峡谷地,岩石,蓝天,云彩,阳光
树木,草,草地,阳光,眩光
优胜美地国家公园,山,树,森林,岩石,美国
草特写,朦胧,自然风光
树木,太阳光线,岩石,早晨,自然风光
西班牙,坎塔布里亚,比斯开湾,海,岩石,天空,云,日落
山,树,绿,云,自然景观
美丽的自然景观,山,湖,清澈的水,森林,太阳
天空,顶视图,厚厚的云
山,湖,雪,云,自然
北岸山脉,温哥华,厚厚的积雪,树木,冬天,加拿大
月亮,云彩,星星,天空,夜晚
湖,山,红色的天空,云,水中的倒影
白蘑菇,朦胧的背景
一些树,绿叶,蓝天,朦胧
麦田,日落,云
湖,山,蓝天,岩石
北极光,树木,夜晚,剪影
冬天,树木,白雪,蓝天,太阳光线
北极光,山脉,雪地,湖泊,星星,夜晚
森林,树木,路径,树叶,秋天,薄雾
美丽的北极光,日落,星星,发光
美国,纪念碑谷,岩石,云,天空
自然,绿色植物,树木,瀑布
美丽的风景,湖泊,山脉,树木,岩石
美丽的挪威,山,雪,河,云,天空
海,海岸,雾,蓝天,星星
春天,紫色的花朵,绿草,树木
沙漠,阴影,沙丘
树木,乌云,天空
沙漠,道路,树木
蒲公英,日落,夏天,朦胧
树,红叶,山,秋天
树木,植被,沙漠,蓝天
城市,日落,湖泊,黄昏,公园
厚厚的雪,橙色的花朵,冬天
树,路,山,蓝天,云
湖泊,山脉,海岸,树木,阳光,眩光
太浩湖,石头,雪,云,天空,美国
山,云,河,黄昏
湖,渔夫,树木,岩石,朦胧,雾,早晨
红叶微距摄影,水滴,朦胧
自然风光,蕨类,绿色,草木,水
冬天,雪,树,岛,湖,雾
湖泊,雾,树木,秋天,早晨
棕榈叶微距摄影,绿色,茎 <span>4K</span>
山,树,路,坡,阳光,秋天
迪斯科湾,格陵兰岛,拱门,冰山,海
沙漠,沙,风
美丽的山,雪,湖,云,天空
湖,人,石头,山,云,黄昏 <span>4K</span>
湖,山,路,雪,厚厚的云层
岩石,海洋,泡沫,海浪
湖泊,雾,树木,秋天,早晨
石头,海洋,岛屿,自然风光
瀑布,树木,岩石,水
湖泊,平静,树木,雾,早晨
沙漠,沙,质地,条纹
山,路,红叶,植物,雾,日出,早晨
比斯开湾,贝尔岛,岩石,海,云,黄昏
铁路,草,树,云,日落,天空
日落,山脉,水坑,剪影,红色的天空,云
山,草,野花,树木,云,黄昏
夏天,树木,阳光,小溪,森林
亚利桑那州,普雷斯科特,金水湖,森林,冬天,雪,云 <span>4K</span>
海洋,岩石,红色的天空,日落,自然风光
加拿大贾斯珀国家公园,树木,湖泊,山脉
山,河,云,阳光,早晨
石头,海洋,岛屿,自然风光
绿草,露水,阳光,朦胧
湖泊,树木,雪,冬天,日落,黄昏
一些树木,湖泊,水反射,自然风光
蓝色的大海,岩石,棕榈树,海岸,热带
海,岩石,草,野花,黄色的花朵
亚利桑那州,普雷斯科特,金水湖,森林,冬天,雪,云 <span>4K</span>
树木,绿叶,海洋,阳光
瀑布,森林,树木,岩石
黄叶,橡子
植物微距摄影、种子 <span>5K</span>
挪威,河流,树木,岩石
冬季,道路,雪,树木,阳光,早晨,雾
意大利,伦巴第,松德里奥,树木,瀑布,路径 <span>4K</span>
大提顿国家公园,河流,森林,树木,绿色,天空,美国
挪威,多夫尔,树木,山脉,草地,房子 <span>4K</span>
瀑布,岩石,植物,绿色
草,穗,湖,剪影,日落 <span>5K</span>
夜,海,岩石,日落,蓝色
挪威,多夫尔,树木,山脉,草地,房子 <span>4K</span>
树木,道路,篱笆,田野,绿色
自然景观,河流,树木,鸭子,云
森林,树木,河流,阳光,秋天
库特尼,加拿大,雏菊,河流,树木,山脉,自然景观
森林,绿树,小溪,岩石,苔藓
水坑,水,石头,绿叶,花朵
冬天,雪,树,湖,山,岩石 <span>5K</span>
美丽的自然景观,斜坡,山脉,树木,湖泊
瑞士托根堡,山脉,森林,树木,田野
西班牙,阿拉贡,岩石,森林,瀑布
植物,粉红色和绿色的树叶
瑞士托根堡,山脉,森林,树木,田野
棕榈树,叶子,茎 <span>4K</span>
河流,岩石,树木,秋天,阳光
树,草,绿,溪流,自然风光 <span>4K</span>
岩石,清澈的水,日落,天空
海洋,大海,泡沫,飞溅,海岸
植物,粉红色和绿色的树叶
秋天,森林,树木,石头,苔藓,小溪,水 <span>5K</span>
河流,树木,水中倒影,云彩,阳光,自然景观 <span>5K</span>
海,沙滩,岩石,云层,风暴,黄昏
植物,红叶,黄色花朵 <span>4K</span>
泰国,自然风光,瀑布,水,绿树 <span>5K</span>
秋天,树木,黄叶,太阳光线 <span>5K</span>
瑞士,考马湖,森林,树木,岛屿 <span>4K</span>
希腊,扎金索斯州,爱奥尼亚海,沉船,海滩,岛屿 <span>4K</span>
兰开夏郡,英格兰,湖泊,灌木丛,绿色,云彩 <span>5K</span>
红杉国家公园和州立公园,蕨类,树木,草,美国 <span>5K</span>
许多绿叶,光圈,木头 <span>5K</span>
班夫国家公园,山脉,冬季,雪,树木,云,加拿大 <span>5K</span>
红杉,树木,国家公园,美国 <span>5K</span>
泰国,自然风光,瀑布,水,绿树 <span>5K</span>
新西兰,山脉,峡湾,湖泊,雾,云,早晨 <span>5K</span>
秋天,树木,黄叶,太阳光线 <span>5K</span>
海洋,海岸,绿色的草地,海鸥,日出 <span>5K</span>
泰国,自然风光,瀑布,水,绿树 <span>5K</span>
雪,冬,森林,树木,河流,早晨 <span>5K</span>
冬天,树木,雪,日落,云,雾
河,树,彩虹,天空,云
新西兰,怀卡托河,斜坡,树木,绿色 <span>4K</span>
树枝,河流,雾 <span>5K</span>
石头,海,海岸,桌子,蜡烛,晚餐,浪漫
秋天,树木,黄叶,太阳光线 <span>5K</span>
月亮,山,雪,夜,天空,星星
新西兰,怀卡托河,斜坡,树木,绿色 <span>4K</span>
瑞士,考马湖,森林,树木,岛屿 <span>4K</span>
迪纳利国家公园,马蹄湖,森林,树木,美国 <span>5K</span>
希腊,扎金索斯州,爱奥尼亚海,沉船,海滩,岛屿 <span>4K</span>
一片红叶,木头
热带,大海,棕榈树,椅子,草地 <span>5K</span>
瑞士,考马湖,森林,树木,岛屿 <span>4K</span>
落基山国家公园,树木,湖泊,雾 <span>4K</span>
藤宫,狸树湖,山,绿色,水反射,日本
英格兰,秋天,森林,树木,雾,路径 <span>5K</span>
月亮,夜晚,轮廓,天空 <span>5K</span>
红叶,树木,石头,秋天 <span>4K</span>
石头,海,海岸,桌子,蜡烛,晚餐,浪漫
阿拉斯加,顶峰湖,树木,美国 <span>4K</span>
希腊,扎金索斯州,爱奥尼亚海,沉船,海滩,岛屿 <span>4K</span>
希腊,扎金索斯州,爱奥尼亚海,沉船,海滩,岛屿 <span>4K</span>
黄石国家公园,山,树,湖,雾,美国 <span>4K</span>
河流,森林,树木,云 <span>5K</span>
森林,树木,阳光,雾,早晨,秋天 <span>5K</span>
藤宫,狸树湖,山,绿色,水反射,日本
早晨,田野,树木,房子,绿色,阳光 <span>5K</span>
瑞士,森林,树木,雾,早晨 <span>8K</span>
花,坡,溪,石,雾 <span>4K</span>
瑞士,树木,山脉,湖泊,草,牛 <span>5K</span>
冬天,雪,树,日落,剪影
日落,草,树,太阳光线,自然风光
巴塔哥尼亚,阿根廷,湖,雪,山,洛斯冰川国家公园
毛伊岛,草,红色的天空,云,日落
萨克森,德国,雪,冬天,树木,道路,阴影 <span>4K</span>
秋天,树木,池塘,红叶,阳光
藤宫,狸树湖,山,绿色,水反射,日本
沃特顿湖国家公园,山脉,湖泊,房屋,加拿大
船舶,海上,日出,眩光
沃特顿湖国家公园,山脉,湖泊,房屋,加拿大
自然景观,山脉,湖泊,倒水,树木,雪
橙色枫叶,水滴,长凳
雪,树,冬天,山,天空,太阳,雾
蓝色的大海,游艇
斯洛文尼亚,湖泊,朱利安阿尔卑斯山,树木,山脉
日落,蔚蓝的大海,水流,云,红色的天空
红杉国家公园,树木,草,绿色,美国
海滩,沙滩,岩石,大海,日落,阴影
夏威夷,海浪,风暴,水花
两棵树,海岸,海洋,海滩
山,树,绿色,云,天空
红色的岩石,大海,船
绿色的田野,天空
蓝色的大海,游艇
跑步的人,树,狗,雾,阳光,早晨
长凳,树木,秋天,公园,阳光,阴影
山,峰,雪,树,黄昏
科罗拉多州,鲜花,山脉,石头,溪流,美国 <span>4K</span>
海,夜,棕榈树,星空,月亮
瀑布,溪流,石头,蕨叶 <span>5K</span>
公园,树木,绿叶,长凳,朦胧
五色叶,五彩缤纷
夏天,树木,草,森林,阳光
日出,树木,雾气,早晨,自然风光
花园,芦苇,树木,池塘 <span>4K</span>
山,雪,岩石,雾,冬天
高尔夫草坪,树木,绿色,旗帜,美国卡罗莱纳州
绿草叶,水滴,微距摄影 <span>4K</span>
威尔士,爱尔兰海,海鹦岛,花,英国
蒲公英,白花,夏天,自然 <span>4K</span>
黄色的枫叶,朦胧,秋天 <span>4K</span>
秋天,树木,森林,有雾,路径 <span>4K</span>
德国,瀑布,石头,黑森林
尼亚加拉大瀑布,雪,冰冻,冬季,雾
秋天,树木,黄色的树叶,路径,阴影
秋天,雾,树木,河流,自然风光 <span>4K</span>
意大利,撒丁岛,海,海岸,蓝天 <span>4K</span>
山,树,雪,云,自然景观
山,森林,树木,黄昏,秋天 <span>4K</span>
公园,绿树,草丛,鲜花,池塘,美丽的风景
森林,树木,阴影,山脉,秋天,自然
绿色的田野,阳光,树木,草,云,日落 <span>4K</span>
海,水流,飞溅,岩石,云层,黄昏
苏格兰,河流,石头,树木,秋天 <span>4K</span>
树木,溪流,岩石,云彩,日落
孤独的树,田野,天空,白云
大雪,树木,湖泊,冬天
瀑布,粉红色和绿色的灯光,晚上,树木 <span>4K</span>
树木,木材,森林,秋天
河流,树木,自然
森林,树木,树枝,夏天 <span>4K</span>
荷兰,树木,草地,森林,秋天 <span>4K</span>
火山堪察加半岛,俄罗斯,雪,烟雾缭绕,山
很多仙人掌,针 <span>4K</span>
树叶,铁丝网,秋天,朦胧 <span>4K</span>
树木,草,池塘,树叶,春天
梯田,田野,山脉,乡村,美丽的风景 <span>4K</span>
森林,树木,雾气,光线
早晨,森林,树木,雾,浅蓝色 <span>4K</span>
树木,湖泊,清澈的水,山,美国科罗拉多州 <span>4K</span>
瀑布,水流,自然风光 <span>4K</span>
冬天,雪,树,森林,阳光,阴影
美国,亚利桑那州,塞多纳,峡谷,山脉,岩石,月亮,夜晚 <span>4K</span>
粉色的芦苇,天空
绿柳芽,树枝,春天
大提顿国家公园,树木,雪,山脉
瑞士,图恩湖,树木,房子,秋天 <span>4K</span>
树,草,路,阳光,眩光
树木,森林,雾,石头,路径
绿草,苔藓,朦胧
草微距摄影,朦胧
树木,雪,路,黑暗,黄昏
草,水滴,露水,早晨
富士山,山,火山,早晨,雾,日本 <span>4K</span>
夏威夷,树木,绿色,自然
乌克兰,树木,黄色的树叶,秋天
森林,树木,阳光,眩光,秋天 <span>4K</span>
草,霜,树木,阳光,冬天
一片黄叶,绿草,水滴 <span>4K</span>
山脉,雪,阳光,眩光,河流,冬天
班夫国家公园,湖泊,树木,山脉,阳光,加拿大 <span>4K</span>
森林,树木,云彩,天空,自然风光
美国,纪念碑谷,沙漠,峡谷,蓝天 <span>5K</span>
科孚岛,希腊,海,沙滩,海岸
彩虹,灌木丛,自然
树木,鸟类,剪影,日落 <span>4K</span>
岛,海,云,自然景观
夏天,树木,柳树,河流,道路
棕榈树,剪影,海,水中倒影,云,热带 <span>4K</span>
小溪,石头,树木,雪,山,蓝天
芬兰,塞马湖,树,秋天,日落 <span>4K</span>
爱尔兰,湖泊,山脉,厚厚的云层,风暴
树木,道路,雾气,乡村 <span>4K</span>
雾,山,湖,早晨,朦胧
河,树,草,日出,剪影,早晨
日落,湖泊,山脉,雪,水面反射,星星,黄昏
岛屿,海洋,棕榈树,绿色,桥梁
芬兰,塞马湖,树,秋天,日落 <span>4K</span>
树,雪,溪,山,自然景观,冬天 <span>5K</span>
东湖,树木,自然,美国 <span>4K</span>
日落,大海,雾,粉色的天空
森林,草,树,山,云,雾,自然 <span>5K</span>
山,雪,洞,溪流,冬天
绿草,地面,植物微距摄影
新西兰,小溪,灌木丛
优胜美地国家公园,树木,山脉,木材,美国 <span>5K</span>
树木,道路,围栏,日出,雾,黎明
树木,湖泊,岩石
西班牙,安大路西亚,海浪,飞溅的水,石头,日落
岩石,大海,天空,黄昏,自然
农村,田野,绿色,早晨,雾,池塘,阳光
美丽的乡村,田野,房屋,树木,丘陵,阳光
自然风光,早晨,山,日出,草
顶视图的田野,颜色,美丽
西班牙,安大路西亚,海浪,飞溅的水,石头,日落
摩纳哥,蒙特卡洛,海,海岸,日落,天空,云
法国,森林,树木,瀑布,石头,小河
优胜美地国家公园,瀑布,树木,美国 <span>4K</span>
金秋,枫叶,水,雾 <span>5K</span>
摩纳哥,蒙特卡洛,海,海岸,日落,天空,云
蓝色的大海,海岸,帆船,船,树木,岩石 <span>5K</span>
优胜美地国家公园,树木,山脉,木材,美国 <span>5K</span>
山,树,石,湖,小路,阳光,早晨
山,冰,冰川,云
美丽的秋天,树木,道路,阳光
魁北克,树木,树枝,森林,草地,加拿大
圣西蒙,海岸线,海滩,岛屿,大海,美国
黄叶,背光,朦胧,秋天
法属波利尼西亚,棕榈树,海,热带,山脉,蓝天
意大利,伦巴第,松德里奥,树木,瀑布,路径 <span>4K</span>
德国,草地,田野,波罗的海,树木,牛,云
蘑菇,叶子,秋天 <span>4K</span>
圣西蒙,海岸线,海滩,岛屿,大海,美国
山,日落,天空,雾,自然景观
冰岛,树桩,树木,自然
乌克兰,喀尔巴阡山脉,美丽的秋天,红色,黄色,绿色 <span>5K</span>
树木,山,草,雪,阳光,阴影 <span>4K</span>
瀑布,树木,岩石,优胜美地国家公园,美国
一些树,早晨,雾
海岸,大海,岩石,鲜花,云彩,日落,美国加利福尼亚州
大海,沙滩,雾 <span>4K</span>
山,峰,岩石,云 <span>4K</span>
白色的野花,栅栏,云
希腊,扎金索斯州,岛,海,沙滩,岩石,船
新西兰,草,岩石,山脉,阳光,蓝天
湖泊,山脉,绿色小屋,雾,树木
德国,溪流,树木,苔藓,石头,秋天
美丽的瀑布,湖泊,树木,山,绿色,夏天 <span>4K</span>
一蘑菇,绿色背景
山,草,雾,云,自然景观 <span>4K</span>
埃拉卡拉瀑布,瀑布,树木,美国
山,绿草,羚羊,云
新西兰,湖泊,山脉,日落,房屋,树木 <span>4K</span>
埃拉卡拉瀑布,瀑布,树木,美国
高加索,山脉,斜坡,绿色,天空,云彩 <span>4K</span>
雪,山,树,云,日出,雾,冬天
阿尔卑斯山,瑞士,雪,高峰
美丽的瀑布,湖泊,树木,山,绿色,夏天 <span>4K</span>
皮瓦湖,山,树,秋天,黑山
池塘,山,动物,云,黄昏
北极光,挪威,特罗姆斯,科福德,道路,树木,雪,星星
蒲公英特写,红叶 <span>5K</span>
瑞士,厄希宁湖,山脉,蓝天
皮瓦湖,山,树,秋天,黑山
自然景观,斜坡,高处,山顶,树木,天空 <span>4K</span>
北极光,挪威,特罗姆斯,科福德,道路,树木,雪,星星
绿荨麻叶 <span>4K</span>
瑞士,厄希宁湖,山脉,蓝天
加拿大,湖泊,树木,山脉,自然景观 <span>4K</span>
金色的麦田,蓝天
山,光圈,夜晚,美丽
乌云密布,城镇,暴风雨
海滩,蓝色的大海,泡沫,波浪,阳光
山,湖,树,岩石,阳光,阴影,云
树木,田野,黄色花朵,自然
蓝色的大海,波浪,气泡,日出,闪耀
澳大利亚,日出,阳光,山脉,自然风光
日出,森林,树木,早晨,雾
美丽的蓝色大海,水,白云
美丽的黄昏,湖泊,水反射,橘黄色的天空,云彩,日落
大雨,水滴,黑暗
海,岩石,云,天空,黄昏
冬天,雪,路,芦苇,日出
布里茨花园,石头,小溪,路径,树木,绿色,柏林,德国
布里茨花园,石头,小溪,路径,树木,绿色,柏林,德国
树,草,绿,山,云
加拿大,沛托湖,森林,树木,山脉,水反射 <span>4K</span>
两个黄色的枫叶,树枝
山,湖,树,天空,云彩,水反射 <span>5K</span>
草地,白花,树木,绿色,阳光,强光
风暴,厚厚的云层,海,黄昏
森林,树木,石头,绿草,自然风光
太阳光线,日落,海洋,强光,岩石,云
绿叶微距摄影,朦胧
彩虹,村庄,山脉,树木,云彩 <span>4K</span>
山,鸟,天空 <span>5K</span>
落叶,斑点,秋天
雷尼尔,华盛顿,山脉,树木,雪,云,自然景观 <span>4K</span>
海浪,黄昏,日落,海洋 <span>5K</span>
湖泊,山脉,日落,云层,阳光 <span>5K</span>
枯叶,水滴,秋天
常春藤,绿叶,树干 <span>5K</span>
山,雪,树,雾,冬天 <span>4K</span>
海浪,黄昏,日落,海洋 <span>5K</span>
夜,月亮,树,剪影 <span>4K</span>
冰山,冰,海,山,冷 <span>5K</span>
绿叶,植物,阳光,春天 <span>4K</span>
树木,小径,河流,村庄
绿叶微距摄影,水滴,露珠 <span>4K</span>
一些绿叶特写
叶,许多水滴,露水 <span>5K</span>
树木,绿草,草地,早晨,雾
瀑布,石头,树木,苔藓 <span>4K</span>
岩石,水,小河 <span>4K</span>
许多树木,森林,湖泊,水反射,天空,洁白的云朵 <span>4K</span>
树木,道路,雪,阳光,冬天
冬天,厚厚的雪,足迹,阳光
森林,树木,阳光,日落,冬天 <span>4K</span>
山,树,湖,秋天,自然景观 <span>4K</span>
草本,植物,绿色
绿色的田野,蓝天,白云,太阳
绿草叶,露水,自然
森林,树木,阳光,日落,冬天 <span>4K</span>
山,雾,早晨,自然风光 <span>4K</span>
绿草,露水,早晨
黄昏,河流,树木,日落
美丽的绿色田野,农田,树木,山脉,云彩
山,顶,花,河,谷,云,阳光,早晨
许多红色的干树叶 <span>5K</span>
夏天,山脉,小屋,绿草
一片草叶,水滴,绿色
巴塔哥尼亚,冰川,冰,蓝色 <span>4K</span>
许多红色的干树叶 <span>5K</span>
房屋,瀑布,树木,绿色,阳光 <span>4K</span>
冰晶,雪,树枝 <span>5K</span>
树木,黄叶,山,秋天
日落,树木,河流,云彩,木材
树木,夏天,阴影,阳光
草,芦苇,湖泊,日落 <span>5K</span>
枯树,湖,山,云
秋天,道路,枫叶,雾
森林,树木,道路,顶视图 <span>4K</span>
草,芦苇,湖泊,日落 <span>5K</span>
岩石,山脉,云雾 <span>5K</span>
白雪覆盖的山峰,山脉,云 <span>5K</span>
湖泊,山脉,树木,自然风光 <span>4K</span>
白雪覆盖的山脉,云,海洋,海鸥
蓝天,白云,高度 <span>4K</span>
森林,阳光,树木,秋天
金色的秋天,树木,树叶,天空,白云
岩石,海洋,泡沫,顶视图
岛,海,顶视图
绿叶,水滴,茎
苏格兰,山脉,河流,云,自然景观
云杉坚果
石头,海,云,山,黄昏
冬天的早晨,树木,河流,雪,霜冻
山,小河,天空,紫云
山脉,斜坡,树木,河流,房屋
湖泊,树木,雾,日落,红色的天空,云
山脉,斜坡,树木,河流,房屋
美丽的绿色自然景观,山,草,云
清晨,树木,雾,草地 <span>4K</span>
岩石山,雪,河流,森林,云彩,清澈的水
树木,河流,石头,雾
大海,日落,悬崖,岩石
云杉嫩枝,芽,水滴
孤独的树,电力线,田野,阳光
树木,霜冻,河流,冬天
云杉嫩枝,松树
山,雾,海,早晨
草,树干,秋天
树木,日落,农田
美丽的自然风光,绿草,植物,河流,厚厚的云层
草,风,海,云,日落,HDR风格
树木,湖泊,清水,自然风光
枫树,黄叶,天空,秋天
日落,大海,水,泡沫,海滩,天空,云
树木,树枝,雾,早晨,秋天
沼泽,植物,草,树,绿色,池塘
沙漠,沙子,天空,云彩,炎热
树木,森林,草地 <span>5K</span>
树枝,树叶,背光,阳光
海,山,阳光,码头,早晨
日落,天空,云彩,夜晚 <span>4K</span>
美丽的夕阳,大海,红色的天空,云彩,海滩
日落,大海,水,泡沫,海滩,地平线
海滩,大海,岩石,岛屿
树木,雾,顶视图,天空,日出,秋天
金色的秋天,树木,湖泊,水反射
森林,树木,眩光,灌木丛
日落,天空,云彩,树木,湖泊,水中倒影
树,绿草,许多花,长凳,春天
金色的树木,蓝天,秋天
秋天,树木,黄色的树叶,朦胧
树枝,朦胧,眩光
云杉嫩枝
日出,大海,波浪,海滩,早晨
棕榈叶,黑暗 <span>5K</span>
海,棕榈树,岛屿,热带
美丽的热带风光,夏天,大海,棕榈树
海滩,树木,热带,海洋,夏天
山,雪,小河,岩石,树木,秋天
山,雪,湖,冬天,顶视图 <span>5K</span>
山,白云,朦胧 <span>5K</span>
植物,水滴,刺 <span>4K</span>
山,湖,树,云,自然景观 <span>5K</span>
海岸,石头,大海,小船,阳光 <span>5K</span>
一棵棕榈树特写,蓝色的大海 <span>5K</span>
山,坡,阳光,云,太阳光线 <span>5K</span>
海,雪,山,冰川 <span>5K</span>
绿草,植物,自然风光 <span>5K</span>
自然景观,山脉,湖泊,水反射 <span>5K</span>
树,夜晚,繁星点点,天空 <span>5K</span>
海,地平线,船 <span>5K</span>
白雪覆盖的山脉,冬天,自然景观 <span>5K</span>
绿荨麻叶微距摄影 <span>5K</span>
海洋,山脉,岛屿 <span>5K</span>
棕榈树,日落,大海,红色的天空 <span>5K</span>
山,雪,树木,深蓝色的天空 <span>5K</span>
美丽的秋天,雾,树木,路径,公园,朦胧 <span>5K</span>
河,枫树,树叶,秋天
树木,灌木丛,海
瀑布,树木,金色的秋天
日落,湖,枯树,树木,红色的天空
摩洛哥,沙漠,沙丘 <span>5K</span>
优胜美地,美国加利福尼亚州,树木,雾,早晨,日出 <span>5K</span>
草,光圈,朦胧,水滴 <span>4K</span>
乌兰布统草原,秋天,河流,树木,顶视图
挪威,山脉,海洋,自然景观 <span>4K</span>
红枫叶,树木,秋天
乌兰布统草原,秋天,河流,树木,顶视图
坝上,金色的秋天,树木,河流,雾,早晨,中国 <span>4K</span>
冰岛,瀑布,河
红枫叶,树木,秋天
挪威,山,蓝天 <span>4K</span>
早晨,山脉,顶视图,雾,阳光 <span>4K</span>
秋天,树木,小溪,岩石
冰岛,瀑布,河
山,海湾,挪威,自然景观 <span>4K</span>
树木,植物,阳光 <span>4K</span>
秋天,树木,黄色的叶子,仰望天空 <span>5K</span>
优胜美地国家公园,森林,黄昏,雾 <span>5K</span>
优胜美地国家公园,树木,瀑布,美国 <span>4K</span>
冰岛,海洋,山脉,蓝天,水反射 <span>5K</span>
冰岛,泡沫,海岸,海洋
雾灵山,日出 <span>4K</span>
秋天,树木,红叶,道路,雾 <span>5K</span>
池塘,树木,公园,夏天
海洋,海岸,紫色风格 <span>4K</span>
树木,日落,儿童,狗,雾,剪影 <span>4K</span>
柳芽特写,春天
乌云,日落,大海,黄昏 <span>4K</span>
叶子,水滴,微距摄影 <span>4K</span>
叶子,水滴,微距摄影 <span>4K</span>
沙漠,沙丘,云,日落,热
马来西亚,种植园,茶,丘陵,绿色,日落,云彩
英国,楼梯洞,拉尔沃思以西,海,云,日落
英国,楼梯洞,拉尔沃思以西,海,云,日落
英国,约克郡,草地,树,绿色,自然风景
拉多加湖,俄罗斯,树,日落,云彩
树,雪,路径,雾,早晨,冬天
云彩,日落,红色天空,路,池塘
树,雾,早晨,自行车,运动,剪影
树,湖,山,水反射,云彩,雾,朦胧
树木,芦苇,草,水坑,日落
蘑菇,星星,天空,苔藓,夜晚
冬天,树木,雪,自然风光
海,石头,树木,云,黄昏,日落
夏天,花,日落,云彩,自然
白桦树,路径,水坑,自然
山,太阳光芒,绿色,云彩,自然
拱门国家公园,岩石,太阳光芒,美国
农村,湖泊,芦苇,树木,房屋,雾,早晨
瑞士,伯尔尼阿尔卑斯山,草,树木,湖泊,山脉,村庄
森林,树木,灌木丛,雾
树,湖,天空,云彩,太阳光芒,自然风景
白云岩,山脉,湖泊
美国,纪念碑谷国家公园,岩石,自然风景
早晨,树木,太阳光线,雾,自行车,道路
秋天,黄色叶子,雾,树,早晨
澳大利亚,兰德威克,百年纪念公园,树木,水坑,水
树木,河流,太阳光线,闪耀,森林,绿色
树木,河流,太阳光线,闪耀,森林,绿色
黄色叶子,秋天,纹理 <span>4K</span>
冰岛,日落,鲜花,瀑布
夏天,树木,湖泊,山脉,自然景观 <span>4K</span>
优胜美地国家公园,粉红色的花朵,森林,山脉,瀑布,美国 <span>5K</span>
泰国,岛屿,海
麦田,秋天,朦胧 <span>5K</span>
西点湖,美国,树木,阴影
海,海岸,树,自然风景
太阳光线,树木,草,池塘,早晨,雾
山,海滩,海,云,日落 <span>4K</span>
树,森林,河,水反射,秋天
冬天,雪,湖,山,黄昏,云
斯洛文尼亚,亚斯纳湖,山脉,树木,雪,冬天 <span>4K</span>
密执安,邦德瀑布,河,树,秋天,美国 <span>5K</span>
加拿大,湖泊,树木,房子,云,黄昏
斯洛文尼亚,亚斯纳湖,山脉,树木,雪,冬天 <span>4K</span>
蓝色的大海,波浪,泡沫,石头 <span>4K</span>
树木,丘陵,自然
密执安,邦德瀑布,河,树,秋天,美国 <span>5K</span>
富士山,红枫叶,湖,秋,日本 <span>5K</span>
早上,树木,草,雾,鸟类,日出
蘑菇,干燥叶子,绿草 <span>5K</span>
北极光,山脉,湖泊,灯光,美丽的夜晚
树,森林,湖,太阳光线,早晨
瑞士,树木,湖泊,绿色,夏天
湖,芦苇,云,黄昏,岩石,太阳光线 <span>4K</span>
冰岛,塞里雅兰瀑布,美丽的瀑布,自然景观 <span>4K</span>
雪,白色世界,树木,雾,早晨,冬天
绿草,桦树,树木,夏天
冰岛,塞里雅兰瀑布,美丽的瀑布,自然景观 <span>4K</span>
雾,路径,树,早上,朦胧
北极光,星空,星星,夜晚,山 <span>4K</span>
海,海洋,日落,太阳光线,海岸,苔藓 <span>4K</span>
许多叶子,地面,霜冻
马德拉岛,葡萄牙,海洋,海岸,山脉,云层 <span>4K</span>
闪电,湖泊,风暴
新西兰,山,花,湖,石头,森林 <span>4K</span>
美丽的自然景观,日落,树木,山脉,鸟类,云 <span>4K</span>
马德拉岛,葡萄牙,海洋,海岸,山脉,云层 <span>4K</span>
日落,厚厚的云层,塔,夜晚 <span>5K</span>
孤独的树,繁星点点,星星,剪影,夜晚 <span>4K</span>
湖泊,山脉,水反射,建筑 <span>4K</span>
厚厚的白云,山峦,天空 <span>5K</span>
山,雪,树木,湖泊,水反射,冬天 <span>5K</span>
山,森林,绿色,雾,熊本,索姆省,日本 <span>4K</span>
挪威,森林,小河,岩石,山,小屋,绿色 <span>5K</span>
美丽的风景,绿色的田野,小屋,山脉,村庄 <span>5K</span>
新西兰,海洋,石头,日出,天空,眩光 <span>5K</span>
山,雪,树木,湖泊,水反射,冬天 <span>5K</span>
山,森林,绿色,雾,熊本,索姆省,日本 <span>4K</span>
蘑菇和干叶,绿草 <span>5K</span>
森林,树木,苔藓,自然风光 <span>5K</span>
公园,树木,绿色,桌子,椅子 <span>4K</span>
树木,海岸,海洋,坡度,天空,云彩 <span>5K</span>
山,森林,绿色,雾,熊本,索姆省,日本 <span>4K</span>
树叶,霜冻,水滴,风 <span>5K</span>
湖泊,岩石,雪,岛,山,蓝天 <span>5K</span>
山,河流,日落,云,流,美国 <span>4K</span>
湖泊,山脉,天空,云彩,自然风光 <span>4K</span>
草,早晨,日出,雾,夏天 <span>4K</span>
山脉,距离,绿色,坡度,奶牛
雪,白色世界,树木,雾,早晨,冬天
绿草,桦树,树木,夏天
双月湾,日落,海,惠州,中国 <span>5K</span>
双月湾,日落,海,惠州,中国 <span>5K</span>
蒲公英,朦胧,自然
树木,森林,黎明,雾 <span>4K</span>
美国,佛罗里达州,海,海岸,棕榈树
河,树,日落,黄昏 <span>5K</span>
麦田,孤独的树,日落
斯洛文尼亚,冬天,雪,树木,山脉,红色风格,黄昏,日落
红色岩石,天空,云彩,峡谷 <span>5K</span>
日本,富士山,湖泊,水中的倒影,树木,发光,早上
俄罗斯,拉多加湖,树木,岛屿,黄昏
蓝色冰,山,冬天 <span>5K</span>
日本,富士山,湖泊,水中的倒影,树木,发光,早上
冬天,雪,树木,水坑
俄罗斯,拉多加湖,树木,岛屿,黄昏
冰岛,黛提瀑布,美丽的瀑布
岩石山,树木,云
冰岛,黛提瀑布,美丽的瀑布
北极光,美丽的夜景,挪威,湖泊,山脉,星星,小屋
草,昆虫,日落 <span>5K</span>
山,雾,路,红云,日落
美丽的冬季自然风景,雪景,湖,山,黄昏 <span>5K</span>
紫色和绿色叶子,水滴 <span>5K</span>
法国,阿尔卑斯山,雪,冬天,日出,云彩,早晨
山,雾,路,红云,日落
加拿大,湖泊,雪,树木,山脉,冬天
美丽的北极光,山,海,星,天空,夜,冰岛
弯河,山,云,黄昏,日落
岩石,溪流,森林 <span>4K</span>
海洋,大海,海岸,游艇 <span>4K</span>
许多绿色的睡莲叶,水滴,池塘
滑雪者,滑雪,高山,雪,冬季,树木 <span>5K</span>
滑雪者,滑雪,高山,雪,冬季,树木 <span>5K</span>
海,海浪,水溅,泡沫 <span>5K</span>
海浪特写,朦胧 <span>4K</span>
云,大海,日落,石头 <span>4K</span>
海,波浪,海滩,日落,云 <span>5K</span>
海浪,白色泡沫,水 <span>5K</span>
日落,海,水中的倒影,黄昏 <span>4K</span>
海浪,水花,大自然的力量 <span>4K</span>
夜,山,树,弯路,灯光线条,繁星点点 <span>5K</span>
山田,绿色的稻田 <span>4K</span>
海浪,泡沫,植物 <span>4K</span>
山田,绿色的稻田 <span>4K</span>
海浪卷,水溅,海滩,岛屿 <span>4K</span>
海,岩石,HDR风格 <span>4K</span>
山,云,河,森林,自然 <span>5K</span>
美丽的夜景,繁星点点,群山 <span>5K</span>
云,日落,山脉,剪影
山,雪,云,冬天,自然 <span>5K</span>
灯塔,地平线,大海,黄昏 <span>4K</span>
山,石头,小河,水 <span>5K</span>
河流,石头,红杉,森林,绿色
树木,蓝天,云,太阳 <span>4K</span>
月亮,夜晚,河流,水中倒影
山,绿,海,峰
许多绿色的三叶草
植物,荆棘,黑白图片 <span>5K</span>
山,河,日落,天空,黄昏 <span>5K</span>
树木,草地,阳光,秋天 <span>4K</span>
树,山,云彩,天空,自然风景 <span>5K</span>
法国,印度洋,海,海滩,棕榈树,植物,日落 <span>5K</span>
雪,树木,冬天 <span>4K</span>
山,树,雾,太阳光线,河,早晨
树木,森林,雾,早晨 <span>4K</span>
树木,霜,草,雾,冷 <span>5K</span>
奥地利,奥尔陶斯,山,树木,湖泊,水中的倒影
山,树,湖,云,秋天
小山,绿色,路,云彩,太阳光芒
年保玉则,山岭,草原,云,青海,中国
绿色三叶草叶子
橙色枫叶,树枝,秋天
年保玉则,山岭,草原,云,青海,中国
奥地利,奥尔陶斯,山,树木,湖泊,水中的倒影
满天星斗,星星,紫色的天空,树木,夜晚 <span>5K</span>
树木,河流,自然景观 <span>5K</span>
天空,云彩,自然 <span>4K</span>
帕米尔高原,山脉,绵羊,蓝天 <span>8K</span>
山,日落,天空,发光 <span>5K</span>
溪流,石头,苔藓,自然
湖,清澈的水,反射,天空,云,太阳光线 <span>4K</span>
山,雪,云彩,湖,绿色,自然风景 <span>4K</span>
雪山,雪,阴影 <span>4K</span>
蜘蛛网,树枝,自然
树干,蓝色花,春天 <span>4K</span>
叶微距摄影,黑暗 <span>4K</span>
日落,橙色天空,房子,河 <span>5K</span>
青山,蓝天,白色云彩 <span>4K</span>
山,河,石头,花,草,自然景观 <span>4K</span>
森林,树木,路径,阴影 <span>4K</span>
许多树木,雪,冬天 <span>4K</span>
芦荟,室内植物 <span>4K</span>
白雪,树,冬天 <span>5K</span>
斜坡,树木,草木,篱笆,蓝天,云彩 <span>4K</span>
山,树,雪,雾,冬天 <span>4K</span>
森林,树木,河流,水流,苔藓 <span>4K</span>
许多绿色啤酒花
草,绿色,春天 <span>5K</span>
草,蓝色的大海 <span>5K</span>
许多绿色啤酒花
森林,树木,阳光,眩光,路径
森林,树木,地面,草
夏威夷,大海,山脉,阳光
许多绿草,树木,自然
大提顿国家公园,山,树木,雪,冬天,美国
德国,树木,河流,秋天,自然风光
海,黄昏,女孩后视图 <span>4K</span>
大海,沙滩,海岸,天空,厚厚的云层,阳光 <span>5K</span>
海,棕榈叶,植物,海滩,热带 <span>4K</span>
海,岩石,泡沫,水溅 <span>4K</span>
秋天,山,树,天空,云 <span>5K</span>
野生蘑菇 <span>5K</span>
绿树,鸭,湖,船 <span>4K</span>
森林,树木,秋天,雾,早晨,阳光 <span>5K</span>
森林,树木,苔藓,绿色 <span>5K</span>
秋天,山,树,天空,云 <span>5K</span>
瀑布,河流,树木,自然风光 <span>4K</span>
岩石,海洋,船只 <span>4K</span>
智利,山脉,雪,黄昏,自然景观
天空,乌云密布,阳光
中国,丹霞山,丘陵
落日的天空,云,发光 <span>5K</span>
火山口湖国家公园,岛屿,树木,雪,山
早上,海,山,女人,盐,象山,花岙岛,中国
加泰罗尼亚,西班牙,地中海,树木,岩石
树枝,树叶,雪,冬天 <span>5K</span>
阿尔卑斯山,山脉,雪,冬天,白色世界 <span>4K</span>
阿尔卑斯山,山脉,岩石,早晨,云层,天空 <span>5K</span>
阿尔卑斯山,山脉,雪,树木,冬天,日出
阿尔卑斯山,意大利,山脉,岩石,天空,云
非洲,树木,道路,日落
树,草,绿色,长凳,蓝天,白云
红叶,树枝,雾,秋天
树木,雾,鹿
灯塔,岩石,大海,日落,天空,云
树枝,水滴,绿色背景
长凳,湖泊,红枫叶,树木,秋天
冰晶,树枝,冬天
红叶,树,朦胧的背景
树枝,水滴,朦胧
紫色芽,树枝,春天,水滴
冬天,树枝,冰晶,雪
枞树枝,绿色
冬天,树枝,雪,树,寒冷 <span>5K</span>
棕榈树,海滩,海岸,岛屿,夏天
秋天,红枫叶,橙色背景 <span>5K</span>
黄叶,树枝,眩光,朦胧
美丽的夕阳,大海,波浪,海滩,棕榈树,太阳
山,雪,峰,蓝天,云
美丽的冬天,雪,树木,山脉,雾
树桩,灌木丛,朦胧
树,篱笆,早晨,草,阳光
山,树,雪,云,湖,水反射
农村,田野,河流,弯道,草地
树,篱笆,早晨,草,阳光
瑞典,树木,大雪,冬天 <span>4K</span>
苔藓,小溪,溪流,枫叶
苔藓,植物,朦胧
清澈的水,湖泊,反射,云,黄昏
公园,道路,树木,草木,绿色
树木,森林,火山湖,山,阴沉
一片黄色的叶子,树枝,朦胧
一片黄色的叶子,树枝,朦胧
巨大的树,绿叶
树木,灌木,湖泊
雾,树木,路径,森林,绿色,早晨
云杉树枝,雪,冬天
寒冷的冬天,厚厚的雪,白色的世界,雾
湖泊,山脉,树木,日落,水中倒影
美丽的夕阳,大海,天空,云彩,条纹
云杉树枝,雪,冬天
早晨,日出,船,雾,海
树的根,日落
夏天,草地,斜坡,树木,山脉
一片绿叶,质地,地面
紫色的叶子,芽,朦胧
金色的田野,树木,日落,眩光
金色的田野,树木,日落,眩光
绿叶,背光
蓝冰,冰川,山
德国,拜仁,加米许-帕坦克辛,树木,湖泊
日落,大海,云,帆船
岩石,沙滩,海洋,雾
日落,大海,云,帆船
树木,海岸,海洋,轮廓,黄昏
海,石头,星空,夜晚
岩石,海洋
孤独的人,日落,海
篱笆,大海,日落
大提顿国家公园,山,树木,云,水反射
澳大利亚,坎贝尔沼泽,湖泊,日落,云
加拿大落基山脉,北极光,繁星点点,树木,湖泊,山脉,雪
红枫叶,水,朦胧的背景
树,黄叶,湖,雾,早晨,秋天
绿枫叶,自然
绿叶,黑色背景
一片红枫叶,木凳
自然景观,山脉,雾,早晨,日出
一片红枫叶,木凳
瀑布,树木,苔藓,绿色,自然
仙人掌,沙漠,日落
秋天,树叶,树枝,朦胧
一些长凳,树木,公园,地面,树叶
金色的秋天,长凳,树木,树叶,公园
秋天,阳光,树木,道路,红叶
一些枞树,雪,冬天
德国,下萨克森州,胡同,公园,树木,长凳,树叶,秋天
法国,阿尔卑斯山,山脉,夜晚,繁星点点,天空,星星 <span>5K</span>
美丽的冬天,雪,树木,湖泊,蓝色,喀纳斯,中国 <span>4K</span>
贝克山,雪,树,湖,水反射,美国 <span>4K</span>
阿尼玛卿雪山,草地,云,雾,放牧,中国 <span>5K</span>
喀纳斯,雪,石头,冬天,中国 <span>4K</span>
冷杉枝,绿色 <span>5K</span>
美丽的冬天,雪,树木,湖泊,蓝色,喀纳斯,中国 <span>4K</span>
贝克山,雪,树,湖,水反射,美国 <span>4K</span>
喀纳斯美丽的冬天,雪,树木,河流,云,中国 <span>5K</span>
斯洛伐克,山脉,树木,绿色 <span>4K</span>
胡德山,山,树,湖,水反射,美国 <span>4K</span>
小火山口湖,清澈的水,树木 <span>4K</span>
美丽的冬天,雪,树木,湖泊,蓝色,喀纳斯,中国 <span>4K</span>
加勒比海,海,波浪,泡沫,云,女孩,岩石
山,树,雾,早晨 <span>5K</span>
湖,树木,绿色,苍鹭 <span>5K</span>
前往努沙佩尼达岛,海,波浪,拱门 <span>5K</span>
农村,树,绿色的田野,阳光 <span>4K</span>
瀑布,岩石,公园 <span>4K</span>
山,阴影,月亮,黄昏 <span>5K</span>
山,山谷,云,阴影 <span>4K</span>
叶子,草,地面 <span>4K</span>
美国,帕卢斯,绿油油的麦田,丘陵,阳光,阴影 <span>5K</span>
山,雪,高峰,雾,冬天,自然 <span>5K</span>
弯道,针叶树,秋天 <span>4K</span>
蒲公英,海,日落
冬天,冰,雾,湖,黎明 <span>4K</span>
美国,帕卢斯,绿油油的麦田,丘陵,阳光,阴影 <span>5K</span>
山,树,雾,云 <span>5K</span>
河,岛,云,日落 <span>5K</span>
叶,水滴,室内植物 <span>4K</span>
一片叶子,朦朦胧胧,秋
坎布里亚郡,山,湖,云,英格兰 <span>4K</span>
瀑布,树木,金色的秋天
小麦微距摄影,朦胧,自然 <span>5K</span>
农村,树木,田野,云,黄昏 <span>5K</span>
沙漠,沙滩,蓝天
瑞士,山脉,树木,田野 <span>4K</span>
沙漠,蓝色的大海
蜘蛛网,水滴,树叶 <span>4K</span>
沙漠,蓝色的大海
蜘蛛网,水滴,树叶 <span>4K</span>
岩石,石头,海,云,太阳,象山花岙岛,中国 <span>4K</span>
两个白蘑菇,草,朦胧 <span>4K</span>
峡江水利枢纽,河流,云层密布,日落,中国
许多水滴,光泽,绿色背景
象山花岙岛,山,云,河,中国 <span>5K</span>
峡江水利枢纽,河流,云层密布,日落,中国
迷你黄蘑菇
新疆库姆塔格沙漠 <span>5K</span>
石头,海,黄昏,象山,花岙岛,中国
美丽的秋天,乌兰布统草原,树木,顶视图
植物触角,黑色背景
树木,雪,冬天,日出,红色的天空
绿草,树叶,水滴,朦胧的背景 <span>4K</span>
许多瀑布,冰岛,美丽的自然景观 <span>5K</span>
蒲公英种子 <span>4K</span>
优胜美地国家公园,树木,河流,蓝天,云
峡江水利枢纽,河流,云层密布,日落,中国
瀑布,黄色的花朵
石头,海,黄昏,象山,花岙岛,中国
树枝,嫩芽,春天,植物
石头,海,黄昏,象山,花岙岛,中国
山,雪,冬,西藏 <span>4K</span>
尼亚加拉大瀑布,加拿大,雪,冰,冬天 <span>5K</span>
树木,雾,篱笆,道路,乡村,秋天
冰岛,瀑布,岩石,云彩 <span>5K</span>
黄叶,树枝,秋天,公园
绿色小麦特写
绿叶,水滴,朦胧的背景 <span>4K</span>
美丽的瀑布,风景秀丽
爪哇,火山,夜,星空,印度尼西亚
美丽的金色稻田,早晨,日出,阳光,山脉 <span>5K</span>
冰岛,瀑布,云,自然景观 <span>5K</span>
红墙,绿叶,树枝
乌兰布统草原,美丽的秋天,道路,树木,山脉
泰国美丽的瀑布
乌兰布统草原,湖泊,树木,秋天,阳光,早晨
山脉,阳光,雾气,秋天 <span>4K</span>
巴西伊瓜苏瀑布
坝上美丽的秋天,树木,日出
冰岛在秋天,冰,大海,雪,日落 <span>5K</span>
温哥华,第三海滩,大海,石头,日落,加拿大
金色的稻田,风景秀丽
优胜美地,黄昏,森林,树木,池塘,水中倒影,美国
厚厚的积雪,喀纳斯,新疆,中国 <span>5K</span>
优胜美地国家公园,美丽的自然景观,雪,树木,冬季
绿色的植物特写,针
冬天,雪,石头,喀纳斯,新疆,中国 <span>5K</span>
山,峰,雪,云,日落 <span>5K</span>
美丽的瀑布,水,云,石头,冰岛 <span>5K</span>
一些绿色的叶子,植物,朦胧的背景
星空,天空,北极光,云,海,山,冰岛 <span>5K</span>
山,峰,绿色,阳光,自然景观 <span>5K</span>
绿色的草坪,草特写,水滴
绿叶,草,露水
草叶,风,黄昏
叶草,绿色,水滴,闪耀
绿草,露水,朦胧,夏天
云,天空,树木,剪影,日落 <span>4K</span>
乌云密布,暴风雨,绿草
登山者,雪,高峰,冬天
蘑菇云,农村,田野,黄昏
绿叶特写,水滴
捷克共和国,山,雾,森林
湖泊,山脉,村庄,树木,天空,云彩,水反射 <span>4K</span>
爱尔兰,海,石头
威尔士,海湾,海 <span>4K</span>
仙人掌特写,荆棘
树木,湖泊,日落,加利福尼亚州,内华达州
夏天,草,朦胧
仙人掌微距摄影,荆棘,植物 <span>4K</span>
小蘑菇,绿色的青苔
峡谷,树木,山脉,蓝
德国,瀑布,草,灌木丛
黄昏,山,草,优胜美地国家公园,美国
瀑布,水流,自然
坝上,草原,树木,秋天,白云,中国
河流,树木,山脉,绿色,云彩,夏天
挪威,山,雾,云,海 <span>4K</span>
山,厚云,黄昏
新疆库姆塔格沙漠,女孩 <span>5K</span>
山,雪,云,黄昏 <span>4K</span>
坝上,金色的秋天,树木 <span>4K</span>
花园,河流,树木,绿色,夏天
坝上草原,金色的秋天,中国
岩石,海洋,草地,海岸
阳光,树木,雾气,秋天的早晨,中国坝上草原
斜坡,丘陵,湖泊,草地,自然风光
草原,帐篷,云彩,秋天
自然景观,森林,树木,阳光,山脉
库姆塔格沙漠,沙丘,汽车,新疆 <span>5K</span>
厚厚的云层,天空,黄昏 <span>4K</span>
岩石,洞,眩光,水
雪,日落,冬天,天空,人
优胜美地国家公园,瀑布,雾,云,悬崖
秋天,阳光,光线,路径,树木
一片绿叶,粉红色的背景 <span>4K</span>
美丽的秋天,黄色的枫叶,树木,河流,农村
清水,植物 <span>4K</span>
蒲公英在风中飞 <span>4K</span>
美丽的龙胜梯田,太阳光线,绿色,广西,中国 <span>8K</span>
日落,云彩,天空,黑暗,剪影 <span>4K</span>
冰岛,水坑,雾,自然风光 <span>5K</span>
绿棕榈叶,扇形
优胜美地国家公园,河流,山脉,雪地,冬季
秋天,阳光,光线,路径,树木
锡安国家公园,山谷,岩石,阳光,美国
溪流,岩石,苔藓
瀑布,彩虹
植物,红墙
石头,红枫叶,秋天 <span>4K</span>
冬天,湖,雾,岩石,树木,云
红色菌类
冰岛,山,草,海 <span>5K</span>
美丽的水滴,草叶,闪耀
树木,沙滩,枯树,秋天
岩石拱门,女孩,灯光,夜晚,蓝天,星空
顶视图,山脉,纹理
三叶草,绿叶,阳光,自然 <span>5K</span>
秋天的早晨,树木,雾,黄叶
绿色植物触角,圆圈,黑色背景
链,枫叶,朦胧的背景 <span>4K</span>
一些橙色的蘑菇,草 <span>4K</span>
山,雪,河,树,冬天,蓝天
三个白蘑菇,草,自然 <span>4K</span>
山谷,岩石,繁星点点,夜晚
橙色蘑菇,草,朦胧 <span>5K</span>
沙漠,沙丘,自然景观
长凳,红枫叶,朦胧
绿叶,许多水滴 <span>4K</span>
冻结,冰,洞,冷
冬天,湖泊,雪,树木,黄昏,日落
冬天,日落,雪,树,美丽的风景
秋天,树木,草原 <span>5K</span>
山,树,天空,日出,眩光
瀑布,树木,西班牙,阿拉贡
夏天,天空,云彩,阳光
海洋,海岸,岩石 <span>4K</span>
西班牙,阿拉贡,瀑布,小河,森林
西班牙,阿拉贡,瀑布,小河,森林
美国,科罗拉多州,马蹄湾,河,满天星斗,自然景观
湖,树,霜,山,水反射,雾
意大利,白云岩,湖,清水,山
意大利,白云岩,湖,清水,山
山,河,日落
山顶,人,湖,雾,早晨,日出
石头,云彩,日落,海
维堡,俄罗斯,河流,树木,云
路,树木,太阳光线,河流,早晨
树木,道路,霜冻,冬天
日出,太阳光芒,河,山,雾,云彩
日落,红色天空,马,剪影
维堡,俄罗斯,河流,树木,云
美国,俄勒冈,火山口湖,树,自然风景
海,岸,水,树桩
秋天,黄色叶子,水滴,地面
日落,山,树,自然
山,湖,树木,女孩,加拿大
美国,峡谷,岩石,河,雾,早晨
树,日落,自然风光
山,黑暗,雪
树,雪,蓝天,冬天
新西兰,峡湾,瀑布,洞,岩石
许多树木,森林,雾,秋天
山,岩石,坡
草,溪流,阿尔卑斯山,雾
洞穴,岩石,洞,海,自然景观
草,黑白图片
树木,坡,自然风光
森林,树木,雾,黄昏
月亮,云,海,夜
秋天,树木,红叶,雾
美丽的瀑布,灌木丛,水花 <span>4K</span>
树木,红树林,灌木丛,海 <span>5K</span>
森林,树木,桦木,草
意大利,阿尔卑斯山,雪,山,冬天
树木,红树林,灌木丛,海 <span>5K</span>
森林,松树,树木,雾,秋天 <span>4K</span>
美丽的海滩,蔚蓝的大海,海岸,天空,云
美丽的瀑布,树木,河流
麦田特写,朦胧的背景
植物,日落,荆棘,剪影 <span>4K</span>
海洋,海岸,多云的天空,黄昏
植物微距摄影,水滴,朦胧的背景
绿叶微距摄影,一些水滴
农村,道路,树木,白云,油菜花 <span>4K</span>
彩虹,麦田,云,房子,风暴
海浪,沙滩,水
绿草叶子,栅栏
斯科加瀑布,瀑布,冰岛,阳光,云彩,悬崖
山顶视图,春天,蓝色的大海
岩石,海洋,波浪,云层,自然
池塘,绿色植物,草,树木,乡村
孤独的树,海,黄昏,日落
山,树,秋天,湖,清澈的水
捕蝇器,植物,刺
树木,剪影,湖泊,夜晚,云彩,天空 <span>5K</span>
三叶草干叶,结霜 <span>4K</span>
草地,草,眩光,阳光,朦胧
河流,山脉,树木,雪,冬天 <span>4K</span>
夜,月亮,湖,星,树,剪影
悬崖,峡谷,拱门,树木
灯塔,海,岩石,云,黄昏 <span>4K</span>
海浪,泡沫,水,飞溅 <span>5K</span>
农村,树木,山脉,雾,早晨
草,阳光,夏天
瀑布,树木,阳光 <span>4K</span>
自然景观,湖泊,森林,山脉 <span>4K</span>
秋,湖,树,草,日落 <span>4K</span>
山脉,繁星点点,夜晚,道路
匈牙利,树木,雾,阳光,早晨
山,雪,冬,湖,森林,水反射
醋栗绿叶,水滴 <span>4K</span>
树桩特写,苔藓
棕榈树,大海,沙滩,人,云,热带 <span>4K</span>
热带,繁星点点,夜晚,大海
冬天,雪,滑雪者 <span>4K</span>
黄石国家公园,石头,自然风光
水,泡沫,日出
棕榈树,海滩,大海,岩石,云 <span>5K</span>
冬天,石头,雪,小河,树木
风车,草,鸟
早晨,雪,坡度,树木,阳光,冬天
绿叶,地面 <span>5K</span>
瀑布,溪流,岩石
蒲公英,黄花,绿草,田野
农村,绿草,灌木,树木
树木,草,山,天空,云
草,树,路,雪,冬天
美丽的自然景观,绿色,海岸,云彩,海洋,阳光
绿色蕨类植物特写,植物
树木,丘陵,湖泊,倒水,天空,日落 <span>5K</span>
山脉,森林,星空,湖泊
自然,日落,树木,斜坡,云彩,天空 <span>4K</span>
蒲公英,水滴,五彩缤纷的光芒 <span>4K</span>
冬天,树木,日落,雪,人
树木,芦苇,大海
黄昏,海浪,沙滩,泡沫
田野,蓝天,白云 <span>4K</span>
大雨过后,树木,阶梯,湿
山谷,山脉,丘陵,树木,秋天 <span>5K</span>
冬天,雪,森林,日落,天空
春天,树木,绿色,道路 <span>5K</span>
冬天,树木,草,雪,冬天 <span>5K</span>
海,水,山,天空,云 <span>5K</span>
天空,星空,阳光,冰
海,山,黄昏,厚厚的云层 <span>5K</span>
森林,树木,雪,冬天,日落
日落,大海,岩石,黄昏,海岸 <span>5K</span>
雾,树,雪,日出,冬天,朦胧
森林,树木,步道,阳光 <span>5K</span>
斯洛文尼亚,冬天,树枝,雪,湖,雾,早晨,冬天
海岸,石头,鸟类,海洋,海浪,山脉,云 <span>5K</span>
红叶,霜冻,冰晶,冬天
海,船,海岸,天空,云 <span>5K</span>
山顶,岩石,蓝天 <span>5K</span>
树,苔藓,红叶,秋天
秋天的早晨,树木,雾,阳光,围栏 <span>5K</span>
蜘蛛网,露水
奥地利,高绍湖,阿尔卑斯山,山脉,水反射
许多树木,绿色,自然,平台
阿布扎比,巴尔汗,沙漠,日落
树木,河流,道口
沙漠岩拱
北极光,道路,树木,星星,夜晚,冬天,雪
奥地利,高绍湖,阿尔卑斯山,山脉,水反射
阿尔卑斯山,河,清澈的水,水中的倒影,秋
阿布扎比,巴尔汗,沙漠,日落
法国,阿尔卑斯山,山脉,湖泊,树木,云彩
西班牙,瀑布,树木,秋天,红叶
树木,阳光,岩石,早晨,自然风光
英格兰西南部,康沃尔郡,海,拱,云,日落
树木,长凳,绿色,公园
红蘑菇,自然
卢森堡,梯子,瀑布,桥梁,树木,小河,绿色
森林,阳光,树木,早晨,自然
山,雪,树,绿叶,冬天
树木,阳光,雾气,早晨 <span>4K</span>
秋天,树木,斜坡,黄叶
池塘,草,树木,船,冰,黄昏,秋天
干草,日落,夏天,树木,云
火山口湖国家公园,山,树,云彩,美国
美丽的自然风光,瀑布,树木,阳光 <span>4K</span>
秋天,树木,斜坡,黄叶
俄罗斯,克里米亚,海,树,海岸,早晨,雾,太阳光线
早晨,雾,码头,河流,山脉,秋天
竹林,绿色,太阳光线,从底部看
树木,河流,水中倒影,秋天
森林,树木,路径,太阳光线,雾,早晨
冬天的阳光,厚厚的积雪,树木
海滩,海湾,海,云彩,日落
森林,河流,树木,秋天,云彩
蒲公英,绽放,绒毛 <span>5K</span>
石头,小河,树木,灌木丛,秋天
卡雷扎湖,树,意大利
森林,树木,阳光,早晨 <span>4K</span>
水滴微距摄影,朦胧
一些树木,芦苇,云彩,秋天,河流,黄昏 <span>4K</span>
美丽的北极光,夜晚,天空,女孩,满天星斗
雪,瀑布,峡谷,小河,冬天
河,树,两只鸟,剪影
秋天,黄色的树叶,桦木,树木,树干
山,湖,谷,云彩,太阳光芒,自然风景
热带,海,船,日出,强光,天空,云 <span>4K</span>
美丽的日落,岩石,树木,山,海
意大利,自然风景,秋天,树,山,湖,公园
许多金色的枫叶,长椅,树木,秋天,公园
秋天,树,池塘,水反射
"早晨, 太阳光线, 树木, 树叶, 霜冻, 秋天"
萨克森小瑞士,易北河砂岩山,雾,早晨,云彩
苹果树,许多成熟苹果,草,阳光
纪念碑谷,国旗,美国 <span>5K</span>
美丽的秋天,湖泊,树木,太阳光线,早上
意大利,白云岩,湖,山,树,秋天
晚上,树,剪影,繁星点点,星星 <span>5K</span>
湖,树,日落,云彩,水 <span>5K</span>
优胜美地国家公园在冬天,雪,岩石,山,树
一片绿色叶子特写镜头,朦胧的背景
秋天,树,叶子,路径 <span>5K</span>
湖,篱笆,云,黄昏 <span>5K</span>
山,云,阳光,雾,早晨
早晨,湖,浅紫色的天空
乌云密布的天空,山脉,冰川,湖泊
白雪,冬天,树木,湖泊
森林,树木,太阳,雾,秋天
秋天,山,树,草,池塘
乌云密布的天空,山脉,冰川,湖泊
加拿大,佩托湖,山,树木,雪,云,冬天
秋天,树木,道路,自然风光
加拿大,佩托湖,山,树木,雪,云,冬天
厚厚的积雪,帐篷,夜晚,星星,冬天
路,树木,冬天,雪,白色
河,冬天,冰,冻结,黄昏
死海,植物,雪,日落
树木,雪,黄昏,冬天
树,森林,太阳光线,早晨
河,冬天,冰,冻结,黄昏
两个蘑菇,苔藓,朦胧的背景
冰川,冰,海,日落
加拿大,皮特梅多斯,山脉,小溪,雾,早晨
冬天,雪,杉树,黄昏
树,湖,山,粉红色的天空
两个蘑菇,苔藓,朦胧的背景
许多黄色枫叶,颜色,秋天 <span>5K</span>
岩拱,美国
瑞士,山脉,草地,水坑
山,天空,星星,美国
早上,仙人掌,山
树木,山脉,自然风光
冰岛,山脉,湖泊,星空,黄昏
冬天,雪,湖,日落,树木,山脉
非洲,道路,树木,大雾,早晨
岩石,山脉,自然,美国
孤独的树,水,湖,山
拱门国家公园,岩石拱门,星空,黄昏,美国
瀑布,灌木丛,自然 <span>5K</span>
冬天,树木,厚厚的雪,阴影,日落
树木,河流,热带
秋天,树木,雾,长凳,自然风光 <span>4K</span>
秋天,池塘,水中倒影,树木,红枫叶
树木,河流,热带
红枫叶,池塘,秋天
树木,小河,草,云,破房子
巴基斯坦,湖泊,山脉,雪地,水中倒影
两个爱的心,红色和粉红色 <span>4K</span>
桦木,黄叶,秋天,树木
灯塔,房屋,海洋,棕榈树
英格兰,北威尔士,河,日落,云
公园,瀑布,树木,森林,自然
女孩,骑手,马,河,剪影,天空,云,日落 <span>4K</span>
冰岛,浮冰,冰,海
大提顿国家公园,湖泊,山脉,水面倒影,美丽的风景
英格兰,北威尔士,河,日落,云
优胜美地国家公园,浮木,树木,河流,冬天 <span>5K</span>
水下植物多彩 <span>5K</span>
树木,云彩,小河,雾,早晨
法国科西嘉岛,山,海,星空,天空,云彩,日落 <span>4K</span>
池塘,树木,绿色,水反射 <span>5K</span>
冬天,大雪,树木,森林,白色世界 <span>5K</span>
森林,早晨,树木,阳光,雾气 <span>5K</span>
早晨,树木,太阳光线,房子,雾 <span>5K</span>
美丽的自然景观,房屋,树木,道路,山,秋 <span>5K</span>
蓝色的大海,云,夜晚 <span>5K</span>
秋天,树木,小溪,日落 <span>5K</span>
冬天,树木,雪,山,艺术风格 <span>5K</span>
树木,雪,冬天,眩光 <span>5K</span>
绿竹,自然 <span>5K</span>
美丽的冬天,树木,森林,雪,星空,星星 <span>5K</span>
秋季,桦木,森林,金黄的树叶 <span>5K</span>
海,海岸,波浪,泡沫,码头,日落,云彩 <span>5K</span>
树木,星空,天空,夜晚,美丽的风景 <span>5K</span>
大峡谷国家公园,岩石,瀑布,美国 <span>5K</span>
冬天,树木,雪,阳光 <span>8K</span>
树,太阳光线,剪影,日落,黄昏 <span>5K</span>
海,水,地平线,太阳,强光 <span>8K</span>
树,河,自然,秋天
秋天,红色叶子,树,路,雾 <span>5K</span>
岩石,水流,海,红色天空,日落
绿色山脉,湖泊,村庄,云
丛林,树木,小溪,岩石
冬天,树木,白雪,冬天
许多黄色枫叶,秋天
棕榈树,日落,云彩,海滩
日落,湖,红色天空,云彩,岩石
岩拱,晚上 <span>4K</span>
冬天,山,树,雪,房子,湖
海,岩石,太阳光芒,日出,黎明,天空,云彩
冬天,雪,树木,河流,雾,黎明
山,雪,河,云,冬天
绿色叶子特写镜头,水滴 <span>5K</span>
云彩,天空,日落,自然风景
美国加州红杉国家公园,森林,树,太阳光芒,自然,美国
优胜美地国家公园,山,树,云彩,顶视图,美国
桦树,树,黄色叶子,秋天
加拿大,不列颠哥伦比亚省,山,雪,日落,太阳光芒,湖,冬天
约书亚树国家公园,石头,云彩,美国
奥地利,奥尔陶斯,施蒂里亚湖,山,阳光,蓝天
奥地利,奥尔陶斯,施蒂里亚湖,山,阳光,蓝天
彩虹,树木,湖泊,云,自然景观
顶视图森林,河流,高度
绿色蕨叶,水,背光
美国,峡谷,山谷,河流,日落
树木,坡地,早晨,阳光
智利,山谷,山脉,河流,自然景观
美丽的秋天,金色的树木,池塘
美国,公园,山,树,瀑布,HDR样式
梅萨拱门,峡谷地国家公园,美国 <span>4K</span>
美国,峡谷,岩石,云彩,日落
山,树,雪,云彩,河,自然风景 <span>4K</span>
自然风光,池塘,水,石头,草,树木,云,山 <span>4K</span>
雪,冰,海,水,鹅卵石,冬天 <span>4K</span>
梅萨拱门,峡谷地国家公园,美国 <span>4K</span>
森林,树木,顶视图,道路,汽车 <span>4K</span>
英格兰,黎明,桦树,树木,阳光 <span>4K</span>
山,满天星斗,夜晚,山谷,小镇
山,河,树,草,云彩,牛,秋天 <span>4K</span>
海滩,岩石,绳索,海,云彩,日落 <span>4K</span>
春天,树枝,芽,背景虚化 <span>5K</span>
森林,树木,绿色,自然风光 <span>5K</span>
美国,锡安国家公园,山,云,黄昏 <span>4K</span>
岩石,石头,沙漠,自然 <span>5K</span>
树木,草,山,自然景观 <span>5K</span>
日本,拱门,岩石,大海,阳光,眩光
树木,树干,白色背景
桦木,树木,秋天
公园,池塘,树木,树枝,秋天
农村,绿色的田野,树木,阳光
岩石,干树干,日落,河
枫叶天空秋天
孤独的树,绿色的麦田,日落
冬天,一棵树,道路,拱门,雪
锡安国家公园,山脉,繁星点点,夜晚,树木,美国
海洋,海岸,岩石,云
秋天,黄色的树叶,树枝,天空,云彩
沙漠,风暴,仙人掌,云
冬天,一棵树,道路,拱门,雪
西班牙,一棵树,岩石,海
道路,树木,雾气,鸟类,通道,绿色
拉普兰,芬兰,厚厚的积雪,树木,冬天
森林,树木,湖泊,雪,水反射,冬天
威尔士,南特·格温纳特,山,云,雾,日出,早晨
锡安国家公园,云,树木,秋天,美国
三个蘑菇,树桩,植物
孤独的树,绿色的田野,山,日出,雾,早晨
枞树枝,针,雪,冬天
威尔士,南特·格温纳特,山,云,雾,日出,早晨
威尔士,南特·格温纳特,山,云,雾,日出,早晨
秋天,黄色的树叶,背光,湖
冬天,厚厚的雪,日落,阳光
海,岩石,日落,强光,云
绿叶,背光
智利,巴塔哥尼亚,安第斯山脉,河流,云层
一片绿叶,许多水滴 <span>4K</span>
彩虹,山,自然,雾 <span>5K</span>
仙人掌,针,植物
阳光,树木,道路,早晨
日落,雪,树木,冬天,红色的天空,云 <span>4K</span>
剪影,树木,红色的天空,云彩,日落
树木,阳光,云彩,河流,自然景观
一些树木,湖泊,水面倒影
森林,紫色的铃铛花 <span>5K</span>
海浪,海水,飞溅,水下 <span>5K</span>
翡翠湖,山,云 <span>5K</span>
杜布罗夫尼克,克罗地亚,大海,日落 <span>5K</span>
两片红枫叶,秋天 <span>5K</span>
美国亚利桑那州格伦峡谷,鲍威尔湖 <span>4K</span>
枞树枝,雪,树,冬天 <span>5K</span>
美国亚利桑那州格伦峡谷,鲍威尔湖 <span>4K</span>
树木,湖泊,岩石,云彩,秋天
树木,夜晚,雪,池塘,冬天
岩石,山脉,珀努鲁鲁国家公园,澳大利亚
岩石,山脉,珀努鲁鲁国家公园,澳大利亚
森林,雪,树木,冬天,云,艺术画
森林,雪,树木,冬天,蓝天
波兰,树木,枫叶,湖泊,秋天
冰岛,彩虹,塞里雅兰瀑布,瀑布,河流,自然景观 <span>4K</span>
树木,河流,雪,阳光,早晨,冬天
孤独的树,早晨,雾 <span>4K</span>
美丽的自然景观在意大利的托斯卡纳,绿色的田野,树木
山,轮廓,夜晚
瑞士,绿坡,树木,河流,房屋,美丽
冰岛,格林达维克,湖泊,蓝天,阳光
瑞士,河流,帆船,绿色,白云,蓝天
孤独的树,草,云,风暴
树木,小河,苔藓,石头,雪
叶子,斑点,树枝,秋天
黑山,布德瓦,岛屿,蓝色的大海,美丽的自然景观
棕榈树,树干,蓝天 <span>4K</span>
树木,湖泊,草木,清澈的水,反射
山,树,雪,冬天,白
黑山,布德瓦,岛屿,蓝色的大海,美丽的自然景观
池塘,波浪,水,光泽,树枝,绿叶
冰岛,格林达维克,湖泊,蓝天,阳光
大雪,树木,冬天,阳光,阴影
桦木,树木,树枝,阴影
津巴布韦,马拉维湖,红色的天空,日落
蘑菇,绿草,春天 <span>5K</span>
黄叶,树枝,秋天
瑞士,日落,河
云杉,冬天,树木,厚厚的雪,阳光,阴影,蓝天
山,树,雪,冬天,白
金色的秋天,森林,树木,自然风光
芦苇,树木,山脉,天空中的鸟儿飞翔 <span>5K</span>
森林,树木,自然
西藏,山,雪,白云,蓝天 <span>5K</span>
冰岛,岛屿,海洋,水中倒影,云彩,日落
西藏,高山,云层,眩光,自然风光 <span>5K</span>
山,云,阳光,雾,早晨
一些树,河,雾,早晨,秋天
山,树,湖,秋天,自然
教堂,树木,雪,太阳光线,山脉
澳大利亚,兰德威克,百年纪念公园,树木,水坑,水
纳米比亚,箭袋树,岩石,自然 <span>5K</span>
澳大利亚,兰德威克,百年纪念公园,树木,水坑,水
纳米比亚,箭袋树,岩石,自然 <span>5K</span>
美国,科罗拉多州,马蹄湾,河流,山脉,岩石 <span>8K</span>
树,森林,路径,太阳光线,黄昏
云杉,树木,路径,通道,人
石头,树木,太阳光线,水,河流,秋天
森林,树木,粉红色的花朵,雾
美好的冬天,雪,树,云彩,红色天空,日落
树,山,太阳光线,秋天
麦田,云彩,日落,乡下
冬天,早晨,河,日出,雪,草
山,岩石,阳光
树,草,绿色,湖,蓝天,自然风景
农村,田野,水,山,早晨
早上,树木,湖泊,雾,自然风光
山,河,云,日落,房子
树,月亮,蓝天,夜
挪威,诺德兰,山脉,石头,云,房屋,河流,黄昏
树,自然风景,雾,森林
岩石,海,水,自然风景
日落,山脉,绿色,鲜花,云,黄昏
挪威罗加兰,瀑布,树木,太阳光线,自然景观
绿树,河,云,黄昏
阴天,草,河,水,云,黄昏
优胜美地国家公园,粉红色的花朵,森林,山脉,瀑布,美国 <span>5K</span>
白云岩,湖泊,山脉,黄色的花朵
冬天,雪,森林,树木,白云,天空
加拿大,湖泊,雪,树木,山脉,冬天
海,小船,天空,云彩,水反射
班夫国家公园,加拿大,树,湖,水反射 <span>5K</span>
海岛,海,棕榈树,天空,云彩,太阳光芒,水反射 <span>5K</span>
孤独的树,湖,鸟,云,日落 <span>5K</span>
热带,石头,海,云彩,太阳光芒,夏天 <span>5K</span>
海岸,海,云彩,日落,自然
阿勒泰,松树,雪,冬天,太阳光线
法国,布列塔尼,岩石,海
顶视图,森林,路,自然
森林,太阳光线,叶子,背光
湖,草,黄昏,树木,紫色的云
绿草,植被 <span>5K</span>
孤独的岛屿,海
森林,树木,湖,水反射,早晨
树,湖,日落,黄昏 <span>4K</span>
早晨,树,霜,小河,自然风景
绿草,植被 <span>5K</span>
草,阳光,日出,强光,早晨
农村,田野,水,早晨
树,河,云彩,自然风景 <span>5K</span>
岩石,海,人,早晨,雾 <span>5K</span>
树木,森林,紫色的野花,春天 <span>5K</span>
树木,森林,秋天,太阳光线,阴影
黄色的枫叶,路径,秋
河,云彩,日落,顶视图 <span>5K</span>
山,树,湖,秋天,云彩
早晨,日出,树木,湖泊
海,厚厚的云层,岩石,日落 <span>5K</span>
山,树,湖,秋天,云彩
海,日落,天空,云彩,海岸 <span>5K</span>
绿树,夏天,阳光 <span>5K</span>
柬埔寨,瀑布,绿树 <span>4K</span>
一片叶子,颜色
山,悬崖,树,太阳光线,日出,早晨 <span>5K</span>
公园,树木,黄叶,秋天,篱笆,河流 <span>5K</span>
意大利,卡雷加利古雷,山,云 <span>5K</span>
山,湖泊,水中的倒影 <span>5K</span>
冬天,树木,雪,日落
海浪,飞溅,泡沫 <span>5K</span>
意大利,卡雷加利古雷,山,云 <span>5K</span>
满月,蓝色的海,云,夜晚,美丽的自然景观 <span>5K</span>
冬天,云杉,树木,雪 <span>4K</span>
意大利,卡雷加利古雷,山,云 <span>5K</span>
森林,树木,苔藓,自然 <span>5K</span>
树木,山脉,湖泊,岛屿,秋天
石峰,悬崖,山脉,自然景观 <span>4K</span>
金色的秋天,树木,叶子,长凳,公园,湖
秋天,一些叶子,水滴
云杉,厚厚的积雪,冬天 <span>5K</span>
夏天,树木,草地,天空,云彩 <span>5K</span>
石峰,悬崖,山脉,自然景观 <span>4K</span>
秋天,山,森林,树木,自然 <span>5K</span>
雪,杉木枝,冬天,闪耀 <span>5K</span>
俄勒冈,海,日落,美国 <span>4K</span>
森林,路,太阳光线,早晨,秋天 <span>5K</span>
美丽的天空,晚霞,云海,发光 <span>5K</span>
路,田野,风车,日落,天空,云彩 <span>5K</span>
罗弗敦,挪威,海,雪,山,云,冬季 <span>5K</span>
瑞士,森林,树木,眩光 <span>5K</span>
树木,绿色,阳光,自然 <span>5K</span>
克罗地亚,美丽的瀑布,普里特维采国家公园 <span>5K</span>
自然,水坑,水,草,树木,黄昏
海岸,海,岩石,拱,太阳光线,水波 <span>5K</span>
瀑布,岩石,高度
冬季,树木,田野,霜冻
湖,岩石,树木,日落,太阳光线
雪,树木,长凳,冬天,黄昏 <span>4K</span>
山,满天星斗,天空,夜晚
夏威夷,考艾岛,山,海,美国
美国,内华达州,沙漠,热 <span>4K</span>
葡萄园,村庄,阳光,早晨
山,雾,森林,树木,阿尔卑斯山,自然景观 <span>4K</span>
河,树,雪,日落,冬天 <span>4K</span>
美国,死亡谷,山,云彩,自然风景 <span>4K</span>
树,黄色叶子,秋天 <span>4K</span>
闪电,树木,湖泊,石头,山脉,房屋,灯光 <span>5K</span>
湖,草,日落,云彩,水反射 <span>5K</span>
热带,夏天,海滩,海,棕榈树,码头,日落 <span>5K</span>
霜,雪,树木,冬天 <span>5K</span>
冬天,山,树,雪,黄昏
闪电,树木,湖泊,石头,山脉,房屋,灯光 <span>5K</span>
夜晚,树,花,天空,星星
斯洛文尼亚,朱利安阿尔卑斯山,河流,草,树木,云,日落 <span>5K</span>
湖,树在水中,反射,黄昏 <span>5K</span>
满天星斗,夜晚,天空,人
阳光,眩光,小麦,田野,早晨
树木,草地,农田,拖拉机,白云,绿草 <span>4K</span>
日落,天空,红色云彩,海滩,木头,海
冬天,树木,雪,太阳光线,早晨 <span>5K</span>
早晨,雾,山,森林,天空,太阳光芒,云彩 <span>4K</span>
森林,树木,阴影
冰山,蓝色的大海,水下 <span>4K</span>
许多鹅卵石,海 <span>5K</span>
美丽的夕阳,红色的天空,海,云,岩石 <span>4K</span>
湖,树,山,蓝天,云彩 <span>4K</span>
石头,草,山,天空,云彩 <span>4K</span>
冰,冰山,海,水溅
班夫国家公园,湖,清澈的水,山脉,石头,加拿大
森林,树木,树叶,秋天 <span>4K</span>
海,云彩,波浪,黄昏,自然风景 <span>4K</span>
沙漠,天空,云彩,自然风景 <span>4K</span>
河,水,岸,树,日落
山,高峰,雪,云,天空 <span>4K</span>
湖,码头,山,云 <span>4K</span>
沙漠,沙丘,云,热 <span>4K</span>
农田,田野,树木,小屋,云,日落 <span>4K</span>
川藏线,然乌,山,篱笆,云,美丽的风景 <span>4K</span>
针叶树枝条,自然 <span>4K</span>
海,波浪,水溅,海岸,黄昏 <span>5K</span>
河,水,飞溅,岩石,岸,山,云彩 <span>5K</span>
沙漠,云彩,天空 <span>5K</span>
冬天,湖,雪,树,云,黄昏
湖,岩石,天空,白云 <span>4K</span>
澳大利亚,昆士兰,海,日落,天空,云彩
许多枫叶,秋天 <span>4K</span>
河流,岸边,树木,日落
川藏线,然乌,山,云,湖 <span>4K</span>
神农架,官门山,溪流,岩石,栈道,中国 <span>5K</span>
日本,群马,岩石,峡谷,河流,树木,秋天
瑞士,湖泊,山脉,人
湖,太阳,日落,水
早晨,日出,山,坡,草,河,雾
塞多纳,树木,山,天空
阳光,树木,雾,早晨 <span>4K</span>
森林,溪流,水,绿色
日出,海,地平线
塞多纳,山脉
天空,黄昏,门 <span>5K</span>
树,路径,公园
水飞溅,海,鱼,云,阴影 <span>5K</span>
树木,汽车 <span>4K</span>
天空,云彩,阳光,眩光 <span>4K</span>
死树,沙漠,热 <span>4K</span>
海,水,波浪,飞溅,天空,云彩,阳光 <span>5K</span>
厚厚的积雪,树木,冬天,阳光 <span>4K</span>
蓝天,白云,自然景观 <span>4K</span>
山,雪,树,冬天,自然风景 <span>5K</span>
日落,云彩,天空,海,黄昏,自然风景 <span>4K</span>
雪,树木,太阳光线,黄昏,冬天
仙人掌,灌木丛,沙漠,流星
冬天,雪,山,干燥植物
冬天,雪,白色的世界,树木,人
植物芽,黑暗,春天
树,草,房子,蓝天,云彩 <span>5K</span>
溪流,岩石 <span>5K</span>
一片黄叶,水 <span>4K</span>
天空,云彩,黄昏
牙买加瀑布 <span>4K</span>
山,岩石,雾,瀑布,悬崖 <span>5K</span>
树木,栅栏,阴影
立陶宛,考纳斯,树木,公园,日落,雪,冬天
沙漠,沙滩,曲线 <span>4K</span>
立陶宛,考纳斯,树木,公园,日落,雪,冬天
秋天,树,金黄叶子,道路,日出 <span>4K</span>
瑞士,马特宏峰,山,雪,云
树,湖,城堡,山,自然景观
春天,番红花开花,山,太阳光芒,早晨
冰川国家公园,湖,树,房子,美国
草,日出,雾,早晨,朦胧 <span>4K</span>
优胜美地国家公园,树,湖,美好的自然风景,美国 <span>4K</span>
山,树,太阳光线,强光,日出,自然景观
树,河,水反射,自然风景
雪,树,天空,云彩,日落,冬天
山,沙漠,紫色的花朵
芦苇,湖,帆船,山,云,早晨
自然,树木,湖泊
帆船,海,云,冰,日落,水中的倒影
美丽的自然景观,山,湖泊,水中的倒影,云
森林,树木,松树
南极洲,雪,海,冰山 <span>4K</span>
森林,树木,太阳光线,早晨,自然景观
南极洲,雪,海,冰山 <span>4K</span>
红崖国家纪念地,犹他州,美国
美丽的金色的田野,太阳光线,雾,早晨 <span>5K</span>
许多红色和黄色槭树叶子,秋天
冬天,路,雪,树,早晨,雾
森林,树木,太阳光线,早晨,自然景观
冬天,早晨,雪,树,太阳光芒,道路
寒冷的冬天,雪,树木,黄昏
海,海岸,石头,鸟瞰图
德国,树木,太阳光线,眩光,自然
山,湖,树木,自然景观
农村,金色的田野,山脉,雾,早晨 <span>5K</span>
美丽的自然景观,湖,草,树,雾,颜色
加拿大尼亚加拉大瀑布,水,雪,桥,冬季 <span>5K</span>
冬天,雪,树木,房子,日落,阴影
阿尼玛卿雪山,雪,云彩,青海,中国 <span>5K</span>
珀尼达岛,岛,海,海滩 <span>5K</span>
新疆库姆塔格沙漠,骆驼,中国 <span>5K</span>
帕米尔高原,雪山,树木,草,秋天 <span>8K</span>
海,海湾,草,美丽的自然景观
黄色枫叶,水滴,地面
树,雪,雾,冬天,早晨
山,树,云彩,日落,湖,水反射 <span>4K</span>
岩石,山,森林,蓝天,罗马尼亚 <span>5K</span>
红色和绿色的枫叶,秋天 <span>5K</span>
海,花,岩石,路,日出,早晨 <span>4K</span>
喀纳斯在冬天,树,雪,薄雾,中国 <span>5K</span>
树,河,秋天,自然
海,日落,蓝天,强光 <span>5K</span>
公园,树木,太阳光线,绿色,早晨
山,山峰,雪 <span>5K</span>
北极光,挪威,树木,雪,星空,夜晚
海,月亮,日落,男人,剪影 <span>4K</span>
日落,田野,鲜花,云,自然景观 <span>4K</span>
海,日落,蓝天,强光 <span>5K</span>
树,湖,水反射,秋天
九寨沟,美丽的自然景观,树木,山,湖,云,中国 <span>4K</span>
冬天,厚厚的积雪,树木,人,喀纳斯,中国
日落,红色的天空,云,黄昏 <span>5K</span>
闪电,眩光,天空,夜晚 <span>5K</span>
美丽的夜晚,满天星斗,天空,自然景观 <span>5K</span>
霜冻黄色的叶子,秋天 <span>5K</span>
慕士塔格峰,湖,雪,岩石,天空,中国 <span>8K</span>
日落,红色的天空,云,黄昏 <span>5K</span>
闪电,眩光,天空,夜晚 <span>5K</span>
绿叶,水滴,黑暗 <span>5K</span>
拉拉湖,清澈的水,反射,蓝色的天空,尼泊尔 <span>5K</span>
美丽的日出,河流,树木,雾,云,红色的天空
山,房子,云,黄昏,帕米尔高原 <span>4K</span>
日落,山脉,树木,草地,干旱地区 <span>4K</span>
夏天,树,绿色的树叶,草地,雾,太阳光线
自然,树木,小溪,太阳光线
海,帆船,鸟,美丽的日落景观
河,山,云,黄昏
红枫叶,朦胧,秋天 <span>5K</span>
帕卢斯,绿油油的麦田,树木,美国 <span>5K</span>
山,道路,云,雾 <span>5K</span>
日落,海,太阳光芒,天空,云彩
黄色枫叶,枝杈,秋天 <span>5K</span>
树,森林,日出,雾,早晨
帕米尔高原,山脉,天空,云彩 <span>5K</span>
美丽的自然景观,海洋,瀑布,沙滩,岩石,棕榈树 <span>4K</span>
帕米尔高原,山脉,云,雪,雾 <span>8K</span>
树,河,帕米尔高原 <span>8K</span>
海,树桩,黄昏
自然风景,海,厚厚的云彩,海岸
天空,满天星斗,云,黄昏,海
满天星斗,天空,夜晚,山 <span>4K</span>
树枝,芽,朦胧的背景
满天星斗,天空,夜晚,树,绿叶 <span>5K</span>
树枝,芽,朦胧的背景
海,风暴,波浪,灯塔
树桩,苔藓,植物,干叶
火山,云,湖,黑暗,日本
夜晚,海湾,湖泊,山脉,树桩,星空,月亮
满天星斗,天空,夜晚,湖泊,码头,男人,树木 <span>5K</span>
雪山,湖泊,云,自然景观 <span>5K</span>
干树,海滩,夜晚,星空,美丽的天空
绿叶,条纹
天空,厚厚的云层,黄昏 <span>5K</span>
树木,石头,溪流,雾 <span>4K</span>
黄色和红色枫叶,地面 <span>5K</span>
海浪,表面,水,蓝色 <span>5K</span>
水溅,岩石,海,珀尼达岛
山,森林,道路,自然景观
夜晚,树木,天空,星空,星星 <span>5K</span>
枫叶,树枝,灰色背景 <span>5K</span>
棕榈树,天空,阳光 <span>4K</span>
一片红色叶子特写镜头,朦胧的背景 <span>4K</span>
绿草,网,水滴 <span>5K</span>
日出,山,鸟飞行,天空 <span>5K</span>
海,日落,红色天空,太阳,岩石 <span>4K</span>
山,天空,云彩,道路,人 <span>5K</span>
夜,日落,云彩,太阳,剪影 <span>4K</span>
绿色的田野,树木,农村 <span>5K</span>
美丽的自然景观,阿尼玛卿雪山,草,中国 <span>4K</span>
山,树,篱笆,草,房屋,坡 <span>5K</span>
慕士塔格峰,湖,雪,岩石,天空,中国 <span>8K</span>
阳光,眩光,小麦,田野,早晨
石头,水坑,水
风车,日落,天空,云彩 <span>4K</span>
树,太阳光线,早晨,秋天
岩石,雾,海,黄昏 <span>5K</span>
树木,森林,雪,云,冬天
辰野,日本,河,山,日落
日落,树枝,剪影
西班牙,坎塔布里亚,农村,河流
辰野,日本,河,山,日落
日落,海,波浪,海滩,自然风景
加拿大,克莱恩河,雪,冰,山,日出
日落,海,岩石,自然风景
加拿大,克莱恩河,雪,冰,山,日出
冰岛,山脉,草地,北极光,繁星点点,夜晚
树,草,云彩,太阳,秋天
日落,太阳,强光,树木,云,飞机
西班牙,海岸,海,岩石,日落
云,天空,早晨,星星
瀑布,植物,自然
斯洛伐克,山脉,葡萄园,田野,村庄
夏天,大树,灌木丛,阴影 <span>4K</span>
早上,帐篷,树木,河流,雾,日出 <span>4K</span>
海,山,游艇
海滩,海,水,天空,日落,自然
棕榈树叶子,植物
瑞典,湖泊,树木,自然景观
湖,码头,树木,日出,雾,早晨 <span>4K</span>
海滩,岛屿,海,云,金色的夕阳
日落,海滩,水,天空,海
湖,草,日落,鸟类飞行,山
树木,雾,河流,黎明
秋天,树,黄色叶子,小径,公园
春天,草,蘑菇,水滴 <span>5K</span>
山,丘陵,河流,天空,云彩,日落
美丽的星空,紫色风格,拱,岩石 <span>4K</span>
日落,草,眩光,夏天
北极光,湖泊,山脉,自然景观
海,船,云,太阳光线 <span>5K</span>
石头,海,波浪,泡沫,海岸,海滩
桂林自然风景,河,山,雾,黄昏,光,中国
羚羊峡谷,岩石,纹理,美国
山,雪,岩石,山谷 <span>5K</span>
美丽的夕阳,湖泊,天空,云,黄昏 <span>5K</span>
金色的秋天,树木,路径,小屋
龙脊梯田,坡,绿色,桂林,中国 <span>5K</span>
冬天,树木,阳光,阴影,雪 <span>4K</span>
芦苇,夏天,水,沼泽 <span>5K</span>
海浪,水卷,鱼,太阳光线 <span>4K</span>
美丽的夕阳,海,水,云,沙滩,棕榈树的叶子
海,日落,水,海滩,朦胧 <span>4K</span>
树,太阳光线,公园 <span>4K</span>
夜晚,星星,恒星,闪耀,房子,汽车,剪影
海,海岸,石头,蓝天,太阳
树木,繁星点点,夜晚,剪影 <span>4K</span>
澳大利亚,拱,海,自然景观 <span>4K</span>
冰,海,海滩,日出,冬天 <span>4K</span>
白色蘑菇,黄色草 <span>5K</span>
树,黄色叶子,公园,秋天
满天星斗,天空,夜晚,男人,剪影 <span>5K</span>
山,岩石,帐篷,星空,夜晚 <span>4K</span>
美丽的云杉枝,雪,霜 <span>4K</span>
瑞士,皮拉图斯峰,山,雪,云
海,游艇,海岸,顶视图
美国,科罗拉多州,树木,悬崖,秋天
树,秋天,帕米尔高原,山,蓝天 <span>8K</span>
山,岩石,帐篷,星空,夜晚 <span>4K</span>
美丽的日出,上午,蓝色的天空,太阳光线 <span>5K</span>
岩石,纹理 <span>5K</span>
乌克兰,山,草,自然风景
山,湖,水反射,雾,自然风景 <span>5K</span>
河,草,霜,日出,早晨 <span>5K</span>
美丽的夕阳,沙滩,大海,天空
桂林,河,瀑布,雾,云彩,黄昏,中国
海水,飞溅,泡沫,白色 <span>5K</span>
麦田,彩虹,云彩,乡下
冬天,冰块,海,日落 <span>4K</span>
橙色和黄色枫叶,木板 <span>4K</span>
石头,海岸,海,云
森林,人,太阳光线 <span>4K</span>
雪山,帕米尔高原,雾 <span>8K</span>
美丽的大自然,溪流,树木
满天星斗,夜晚,星星,天空 <span>4K</span>
雪山,帕米尔高原,雾 <span>8K</span>
日落,岩石,海,天空,云彩 <span>4K</span>
彩虹,山,树,雾,雨后 <span>5K</span>
自然风景,山,谷,森林,雾
美丽的尼亚加拉大瀑布,厚厚的积雪,水流,雾,加拿大 <span>5K</span>
三叶草,叶子,雾,阳光
山,湖,水反射,黄昏 <span>5K</span>
佛经岩,瓦房店,中国 <span>5K</span>
清新自然,草,蘑菇,露水 <span>5K</span>
佛经岩,瓦房店,中国 <span>5K</span>
川西,河,日出,太阳光芒,中国 <span>4K</span>
喀纳斯的冬天,树木,雪,美丽的自然景观,中国 <span>5K</span>
阿尼玛卿雪山,边坡,绿化,云,中国 <span>4K</span>
树,树枝,雪,冬天 <span>4K</span>
尼亚加拉瀑布,早晨,雾,瀑布,城市,美国
海,拱,自然桥,人
城市,湖泊,黄昏,天空 <span>5K</span>
叶微距摄影,纹理
雾,云彩,山,自然风景,西藏,中国 <span>5K</span>
绿叶微距拍摄,水滴 <span>4K</span>
美丽的西藏,山,云彩,雪,自然风景,中国 <span>5K</span>
新疆美丽的白沙湖畔,碧水,山,云,中国 <span>8K</span>
美丽的漓江,山,河,太阳光芒,小船,中国
冬天,雪,树木,禾木村,中国 <span>5K</span>
美丽的漓江,山,河,太阳光芒,小船,中国
冬天,雪,树木,禾木村,中国 <span>5K</span>
川西,草原,山,云,阴影,中国 <span>5K</span>
山谷,山,坡,女孩
川西,阿坝,田野,云,太阳光线,中国 <span>5K</span>
美丽的草原,云彩,天空,阴影,西藏,中国 <span>5K</span>
川西,阿坝,田野,云,太阳光线,中国 <span>5K</span>
山,湖,雪,石头,自然风景 <span>5K</span>
白沙湖,新疆,山,云,石头,中国 <span>8K</span>
羚羊峡谷,岩石,美国
河,山,天空,云彩,日落,黄昏 <span>5K</span>
白沙湖,新疆,山,云,石头,中国 <span>8K</span>
枫叶,灰色背景
棕榈树,草地,亭子,海
树,草,云,早晨 <span>5K</span>
石头,水流,河流,树枝 <span>5K</span>
山,树,雪,冬天,河 <span>5K</span>
湖,山,雪,自然风景 <span>5K</span>
山,路,云,山谷 <span>4K</span>
前往喀纳斯,冬季,雪,树木,河流,阳光,山脉,中国 <span>5K</span>
山,树,湖,水反射,艺术图片 <span>4K</span>
森林,树木,厚厚的积雪,冬天 <span>4K</span>
山,河,清澈的水,天空,云
藤叶,纹理 <span>4K</span>
海,小船,日落,红色天空
草原,山脉,云彩,房子,彩虹 <span>5K</span>
阿尼玛卿雪山,坡,云,草,中国 <span>5K</span>
冷杉枝,雪,霜 <span>5K</span>
湖,黄昏,蓝天,星,水反射 <span>5K</span>
桦树,树,黄色叶子,蓝天,秋天 <span>4K</span>
喀纳斯美丽的冬天,树,雪,雾,山,中国 <span>5K</span>
山,树木,岩石,雪,冬天 <span>5K</span>
云,风暴,闪电 <span>4K</span>
白雪,冬天,树木,雾,湖,喀纳斯,中国 <span>5K</span>
秋天,桦树,树木,太阳光线 <span>4K</span>
树,雾,日出,阳光,早晨 <span>5K</span>
蓝天,山,自然风景,夜 <span>5K</span>
山,山峰,雪,冬天 <span>4K</span>
阿尼玛卿雪山,峰顶,小河,倾斜,云彩,青海,中国 <span>4K</span>
若尔盖草原,中国 <span>5K</span>
棕榈树,男人,海 <span>4K</span>
若尔盖草原,中国 <span>5K</span>
阿尼玛卿雪山,草地,云,雾,放牧,中国 <span>5K</span>
冰岛,斯科加瀑布,美丽的瀑布
甘南阿万仓湿地,山,云彩,美好的自然风景,中国 <span>5K</span>
日本,群马,岩石,峡谷,河流,树木,秋天
神农架,官门山,溪流,岩石,栈道,中国 <span>5K</span>
芬兰,拉普兰,冬天,厚厚的积雪,树木,房子
甘南阿万仓湿地,山,云彩,美好的自然风景,中国 <span>5K</span>
山,树,雪,弯曲道路,顶视图
冬天,树木,雪,河,太阳光线,早晨
森林,树木,路径,雪,冬天 <span>4K</span>
树,雪,冬天,自然风景
沙漠,沙丘,自然景观 <span>4K</span>
雪,山,滑雪,冬天 <span>5K</span>
绿叶,水滴,微距拍摄 <span>4K</span>
红色的天空,云,黄昏 <span>4K</span>
冬天,厚厚的积雪,桥,湖,树木,日落 <span>8K</span>
甘南,桑科湿地,水,草,中国 <span>5K</span>
冬天,黄昏,树木,雪,冷
冬天,厚厚的积雪,树木,树枝
湖,山,蓝天,水中的倒影 <span>5K</span>
甘南,玛曲,湖,云,天空,月亮,中国
美丽的自然景观,漓江,山脉,阳光,船,早晨,中国
佛经岩,瓦房店,中国 <span>5K</span>
美丽的冬天,厚厚的积雪,树木,黄昏
美丽的秋天,树木,湖泊,山脉,俄罗斯
甘南,玛曲,湖,云,天空,月亮,中国
奥地利,奥尔陶斯,湖,山,植物,阳光
佛经岩,瓦房店,中国 <span>5K</span>
美丽的自然景观,阿尼玛卿雪山,绿坡,阴影,中国 <span>5K</span>
甘南,山,雾,云彩,自然,中国 <span>5K</span>
美丽的自然景观,山,树木,湖泊,清澈的水,反射
火山,间歇泉,水坑,蒸汽 <span>4K</span>
奥地利,山脉,树木,小屋
海,岩石,纹理 <span>5K</span>
草,芦苇,湖,蓝天 <span>8K</span>
山,阴影,满天星斗,天空 <span>5K</span>
秋天,树木,瀑布,岩石
椰子树,天空,热带
海,岩石,纹理 <span>5K</span>
山,岩石,雪,冬天,雾 <span>5K</span>
桂林阳朔风景,河,小船,山,云彩,日落,中国 <span>4K</span>
棕榈树,云彩,日落,剪影 <span>5K</span>
日落,天空,云彩,河,树 <span>4K</span>
公园,池塘,瀑布,火花
绿叶,纹理,阴影
山,湖,水反射,雪
芦苇,湖泊,水,闪耀 <span>8K</span>
瀑布,岩石,苔藓,绿叶
绿色的苔藓,树干,朦胧
顶视图大海,清澈的海水,海岸,船 <span>4K</span>
水,水下 <span>4K</span>
美丽的秋天,树木,黄叶,白云
海,海岸,水飞溅,自然风景
一些蘑菇,草,绿色背景 <span>5K</span>
冬天,树木,路径,雪,阳光 <span>5K</span>
美丽的乡村,田地,山脉,满天星斗,月亮
麦田,乌克兰 <span>4K</span>
裂缝,地面,云,日落 <span>4K</span>
湖,水,日落,农田,天空,云彩 <span>5K</span>
满月,云,星空,夜晚 <span>4K</span>
绿草,朦胧,自然 <span>4K</span>
森林,树干,雾,早晨 5K
石头,溪流,雪山,黄昏 5K
芦苇,田野,蓝天
夏天,田野,树木,村庄,云,日落 4K
树木,草,水坑,秋天 5K
英格兰,德比郡,峰区,瀑布,森林 4K
斯洛伐克,山,树木,云,雪,冬天 5K
芦苇,田野,蓝天
美丽的自然景观,山,顶视图,云,雾,早晨
山,顶视图,路,植物,早晨,阳光,雾 5K
加利福尼亚,沙斯塔山,湖,山,树,水反射,美国 5K
海,海岸,石头,苔藓,日落 4K
湖,山,水反射,云彩,日落 4K
美丽的秋天,公园,树木,红色和绿色的叶子,阳光 4K
海岸,岩石,苔藓,日落,海 4K
涠洲岛,海洋,水流,日落,中国 4K
亚利桑那,纪念碑谷,云彩,美国 8K
新西兰,瓦卡蒂普湖,山脉,树木 5K
山,树,湖,水反射,蓝天,云彩 8K
森林,树木,雪,冬天,阳光,阴影 5K
山,树,雪,湖,水反射,冬天 5K
干草,干,日落 8K
美丽的冬天,雪,树木,森林 8K
龙胜水稻梯田,农村,山脉,绿色,雾,早晨 5K
河,树,夜,闪电,云彩 5K
红枫叶,树枝,溪流,水 5K
冬天,山,顶视图,树木,雪,弯道 5K
美国,坎布里亚郡,海,岩石,泡沫 5K
桦树森林,树木,太阳光线,眩光,秋天 5K
湖,山,森林,树木,秋天,太阳光线
金色的田野,山脉,美丽的自然景观
湖,水反射,天空,云彩,日出 <span>5K</span>
山,树,秋,湖泊,水中的倒影
岩石,瀑布,灌木丛 <span>4K</span>
北极,冰山,企鹅,海,波浪
海,云彩,日落,太阳光芒 <span>4K</span>
水坑,水,落叶
美丽的绿色的田野,太阳光线
自然景观,山脉,树木,灌木丛,日落 <span>4K</span>
黄石国家公园,蓝色的水,美国 <span>5K</span>
四川黄龙,水,水坑,树木,中国 <span>5K</span>
竹子,叶子,朦胧
四川黄龙,水,水坑,树木,中国 <span>5K</span>
海,岩石,小船,日落,颜色
竹子,叶子,朦胧
北极,冰片,裂缝,海,冷
顶视图,雪,河流,冬天,自然风景
美丽的秋天,树木,森林
芦苇,沼泽,水,秋天 <span>5K</span>
白色的世界,树木,雪,冬天 <span>4K</span>
西班牙,山,树,路,自然景观 <span>4K</span>
梅萨拱门,峡谷地国家公园,太阳光线,美国
瀑布,森林,树木,岩石,秋天 <span>5K</span>
梅萨拱门,峡谷地国家公园,太阳光线,美国
火红的枫叶,蓝色背景 <span>5K</span>
冬天,树木,雪,湖,冷 <span>4K</span>
德国,弯曲河,雾,树,云彩,日出 <span>4K</span>
田野,树木,夏天
海,泡沫,海岸,草 <span>4K</span>
海滩,海,瀑布,岩石
黄色杏树叶子,屋顶,蓝天 5K
阿拉斯加,冰川,山脉,湖泊,雪 5K
海,泡沫,海滩,海岸 5K
黄色枫叶,秋天 5K
树木,黄叶,溪流,水,秋季
田野,薰衣草,树木,阳光
红色蘑菇,自然,青苔
黄叶,树,朦胧
山,岩石,弯道,陡坡,河流,峡谷 4K
树,森林,红叶,雾,早晨
法国,新喀里多尼亚,海,岩石,日落,云彩
森林,树木,太阳光线,阴影,路径
阿卡迪亚国家公园,树木,山脉,湖泊,日落,美国
森林,树木,绿色,夏天
日落,海,船,剪影
树木,山脉,灌木丛,雾,早晨 4K
树,河,草,云彩,红色天空,雾,日出,早晨
海,海岸,苔藓,水,日落 4K
海岸,海,水,云,天空,日落
岩石,海岸,海,日落,云彩
树,草,路径,傍晚
海,海岸,波浪,水流,云彩,日落
野花,风,海,山,云 4K
弯树,桦树,森林,秋天
大树,绿叶,雾,早晨
野花,风,海,山,云 4K
黄色枫叶,木板
夏天,湖泊,船,树木,云,黄昏
山,树,湖,水反射,加拿大
山,粉红色的花朵,云,黄昏
黄叶,石头,水,静物 4K
许多红色的枫叶,地面,秋季 5K
山,坡,湖,云,雾,日出 4K
自然景观,湖泊,树木,云,黄昏 4K
山,雾,树,云彩,日本 5K
火红的枫叶,模糊的背景,秋
美丽的自然景观,瀑布,溪流,岩石,树木 4K
松树,湖,日出,黎明
森林,溪流,雾,岩石 5K
黄色叶子,水,秋天 5K
北极光,树木,湖泊,水中倒影,夜晚 5K
海,水面,恋人,日落 4K
冬天,雪,霜,树木,田野 5K
黄色和绿色枫叶,长凳 5K
海滩,海,波浪,水溅,泡沫 5K
积雪覆盖的山脉,湖泊,草
冬天,雪,霜,树木,田野 5K
草,光圈,夜晚,眩光 4K
树木,山脉,阳光,秋天 8K
冷杉,锥体,针 5K
山,湖,水反射,树桩,黄昏
山,树,湖,水反射,早晨
红色和绿色的叶子 4K
挪威,湖,树,水反射,蓝天,自然风景
地球,顶视图,云
山,路,草,日出,自然风景 5K
桦树,树木,黄昏
海,岩石,海岸 5K
湖,稻草人,黄昏
日出,乡下,河,天鹅,早晨,雾 4K
美丽的冬天,山,雪,山谷
海,波浪,冲浪,云,日出,黎明 <span>4K</span>
秋天,树,山,雾,日出,早晨
草,种子,朦胧的背景
树,雪,日落,红色天空,冬天 <span>4K</span>
美丽的蓝色海,波浪,泡沫,顶视图 <span>4K</span>
湖,山,日落,平静的水面,玻利维亚 <span>5K</span>
四姑娘山,雪,瀑布,石头,中国
针叶树,树木,雪,冬天 <span>5K</span>
湖,山,日落,平静的水面,玻利维亚 <span>5K</span>
山,雾,树木,秋天,早晨 <span>5K</span>
蓝色的大海,冲浪,波浪,顶视图,无人机摄影
比利牛斯山,云彩,蓝天,法国 <span>5K</span>
海,水飞溅,岩石,日落 <span>5K</span>
岩石山,高峰,黄昏
云杉,树木,雪,冬天,蓝天 <span>4K</span>
湖岸,湖泊,树木,阳光,早晨
比利牛斯山,云彩,蓝天,法国 <span>5K</span>
日落,灌木丛,河流 <span>4K</span>
岩石,水坑,云彩,日落
湖岸,湖泊,树木,阳光,早晨
绿草,明亮,眩光,阳光,夏天 <span>4K</span>
草,草地,水滴,阳光,闪耀,夏天 <span>4K</span>
瀑布,雪,冰,水 <span>5K</span>
湖,山,水反射,自然风景 <span>4K</span>
蒲公英,水滴,蓝色背景
早晨,树木,雾,太阳光线
冬天,雪,河,树,冷 <span>5K</span>
晚上,海,海滩,云,日落
山,森林,瀑布,日出,雾,秋天
湖,水,日落,鸟类飞行 <span>4K</span>
植物,绿叶,自然 <span>5K</span>
美丽的自然景观,山脉,雪,云,月亮,雾,冬天
德国,树木,草地,花园,绿色 <span>4K</span>
海,波浪,水飞溅,日落,厚厚的云层 <span>4K</span>
树木,绿叶,阳光,闪耀
瀑布,树枝,绿叶,水 <span>5K</span>
山,雾,树木,黑白图片 <span>4K</span>
积雪的山,红色云彩,冬天自然风景
美丽的冬天,厚厚的积雪,树木 <span>4K</span>
山,悬崖,雪 <span>5K</span>
红色沙漠,阳光
草,种子,明亮的光圈 <span>4K</span>
一片干叶,冰,湿,冬天 <span>4K</span>
冲浪,海,波浪,水溅 <span>4K</span>
湖,清澈的水,反射,岩石山,太阳光线 <span>5K</span>
绿色草地,岩石,春天 <span>4K</span>
岩石,海,水流,灯塔 <span>4K</span>
日落,海,云,海滩 <span>4K</span>
美丽的日出,雾,丘陵,湖泊,太阳,早晨 <span>5K</span>
美丽的瀑布,太阳光线,湖,树枝 <span>5K</span>
湖,清澈的水,反射,岩石山,太阳光线 <span>5K</span>
夏天,树木,草,绿色,太阳光线,雾
日落,山脉,道路,黄昏
草坪,高尔夫球场,树木 <span>4K</span>
美丽的自然景观,山,雪,冬天,河
瀑布,悬崖,水溅 <span>4K</span>
三个蘑菇,绿草,春天 <span>5K</span>
火红的枫叶,树,秋季 <span>5K</span>
海岸,海,海滩,悬崖,草地 <span>4K</span>
树,草,木道路,日出,早晨
美丽的龙脊梯田,村庄,桂林,中国 <span>5K</span>
北爱尔兰,巨人堤道,岩石,海,日落
河,云,树桩,黄昏
树,叶子,道路,通道,雾,早晨,秋天
北爱尔兰,巨人堤道,岩石,海,日落
石头,黄色枫叶,树,海,秋天
绿色青苔,礁石,海 <span>5K</span>
芦苇,池塘,树木,云,黄昏
山,树,雪,冬季景观
美丽的乡村,早晨,雾,龙脊梯田,桂林,中国 <span>5K</span>
蓝色的大海,波浪,水花,珀尼达岛 <span>5K</span>
挪威,塞尼亚,山,湖,阳光,雾,早晨
意大利,皮埃蒙特,雪,冬天,山 <span>4K</span>
挪威,塞尼亚,山,湖,阳光,雾,早晨
瀑布,溪流,水溅,彩虹 <span>5K</span>
冰岛,维斯特拉霍恩山脉,海,水反射,云彩
美丽的乡村,河流,树木,山脉,云
冬天,河流,树木,雾,早晨
树,雪,湖,阴影,太阳光线,冬天,满天星斗
日落,云彩,湖,树,自然风景
麦田,水坑,云
美丽的冬季自然景观,树木,雪,河,黄昏
树枝,叶子,霜,冬天
挪威,奥斯陆县,树木,水坑,顶视图
冷杉枝,针,雨
山,瀑布,石头
爱尔兰,植物园都柏林,树,湖,水反射,秋天
秋天,早晨,树木,雾,河
挪威,奥斯陆县,树木,水坑,顶视图
美丽的瀑布,岩石,森林
绿色蕨类植物叶子特写
冰冻的瀑布,冰,雪,池塘 <span>5K</span>
干旱地区,贫瘠,道路,天空,云彩 <span>5K</span>
仙人掌,蓝天,白色云彩 <span>5K</span>
大连,岩石,海,中国 <span>5K</span>
小蘑菇,草,绿色 <span>5K</span>
云彩,日落,天空
海,波浪,泡沫,冲浪,顶视图
黄昏,日落,海,岩石,海岸 <span>4K</span>
黄石国家公园,美国,湖,蒸汽,树木,人们 <span>5K</span>
秋天,小河,水,树,黄色叶子
树,小河,石头,秋天,顶视图
芦苇,草,水,湖,闪耀 <span>5K</span>
沙漠,干旱,沙子 <span>5K</span>
沙漠,夜晚,沙丘,星空,星星 <span>5K</span>
阿尔卑斯山,雪,山
草,阳光,自然景观 <span>5K</span>
沼泽,水,芦苇,秋天 <span>8K</span>
草,阳光,自然景观 <span>5K</span>
森林,树,黄叶 <span>5K</span>
高山,雪,登山者,阳光,云,冬天 <span>4K</span>
蓝色的大海,岩石,水流 <span>5K</span>
美丽的秋天,树木,河流,早上,雾
瀑布,树木,绿色 <span>4K</span>
树,绿色的田野,云,黄昏 <span>5K</span>
树干,纹理,朦胧 <span>5K</span>
奥地利,山脉,日出,云,黎明 <span>4K</span>
日落,满天星斗,湖,水反射,夜 <span>5K</span>
美丽的自然景观,蔚蓝的大海,沙滩,云,珀尼达岛
日落,云彩,红色天空,河
蒲公英,水滴,美丽的大自然
美丽的旅游地点,珀尼达岛,蓝色的大海,拱 <span>5K</span>
绿叶,草,阳光
小船,海,日落,天空,云彩 <span>5K</span>
喜马拉雅山,顶视图,雪
澳大利亚,岩石,海,海岸
绿叶,树枝,春天
沙漠,太阳,沙子,阴影
美丽的瀑布,自然景观 <span>4K</span>
海岸,岩石,海
美丽的海岸,海洋,绿色的草地,白云
美丽的夕阳,海,云,天空,海浪,泡沫
蒲公英,绿色背景
腾格里沙漠,内蒙古,中国
桦树,树木,天空,从底部视图 <span>4K</span>
斯科嘉瀑布,瀑布,冰岛 <span>5K</span>
黑云,海,风暴
斯科嘉瀑布,瀑布,冰岛 <span>5K</span>
枫叶,地面,草,阳光,秋天 <span>5K</span>
美丽的黄石国家公园,蓝色湖,雾,早晨,美国 <span>5K</span>
秋天,树木,黄色和红色的叶子
四姑娘山,雪,树,秋,中国 <span>5K</span>
湖,树木,水反射,黄昏 <span>5K</span>
海,岩石,礁石,波浪,泡沫 <span>5K</span>
瀑布,红叶,秋天 <span>4K</span>
四姑娘山,雪,树,秋,中国 <span>5K</span>
针叶树,树木,秋天 <span>5K</span>
椰子树,天空,云彩 <span>5K</span>
冷杉森林,樹木,雪,冬天,月亮 <span>5K</span>
海,岩石,海滩,波浪,日落 5K
红色天空,日落,鸟,灯,剪影 4K
早晨,雾,山,田野,乡村 5K
孤独的树,红枫叶,黎明 5K
山,橙色天空,日落 4K
树,雪,冬天,路径,太阳光线 5K
绿色森林,山,早晨
西藏,然乌湖,山,雪,云彩,中国
庐山,瀑布,水,中国 5K
日落,山,树,红色天空,云彩
森林,树木,河流,自然景观 5K
西藏,然乌湖,山,雪,云彩,中国
橙色的天空,日落 4K
绿色和橙色叶子,水
加拿大尼亚加拉瀑布,雾,雪,冬天,彩虹
贵州梯田,风景秀丽,中国 5K
石头,海,月亮,夜晚 5K
植物,红叶,秋天
绿色,树木,草,野花,夏天
树,白色雪,冬天 4K
海,海岸,满天星斗,天空,夜晚 4K
红太阳,日落,夜晚 5K
一棵树,早晨,雾
山,树,雪,冬天,云彩 5K
山,路径,树木,绿色,顶视图 4K
湖,山,积雪,树,水反射 8K
绿叶,水滴,条纹
山,日落,天空,云彩 8K
自然风景,早晨,河,雾,小山,日出 5K
美丽的北极光,山,海,夜,冰岛
秋天,森林,树木,黄色和红色的叶子
爱尔兰,植物园都柏林,树,湖,水反射,秋天
川西,彩林,山,树,湖,水反射,中国
美丽的乡村,绿色的麦田,帕卢斯,美国 5K
川西,彩林,山,树,湖,水反射,中国
龙脊梯田,早晨,雾,山,桂林,中国 5K
冬天,厚厚的积雪,栅栏,树木,寒冷
美丽的沙滩,大海,海浪,努沙佩尼达岛 5K
积雪的山,云彩,西藏,中国 5K
美国,帕卢斯,美丽的麦田,绿色,丘陵 5K
美丽的西藏,山,小河,石头,云彩 5K
美丽的沙滩,大海,海浪,努沙佩尼达岛 5K
巴音布鲁克草原,新疆,美丽的自然景观,云,河
美丽的自然景观,绿草如茵,山,云
苏格兰,英国,树,河,水反射,秋天
雪山,雪,冬天,云 5K
巴音布鲁克草原,新疆,美丽的自然景观,云,河
夜晚,满天星斗,天空 5K
西藏,美丽的自然景观,湖泊,山脉,云 5K
绿油油的麦田,河,风景优美,帕卢斯,美国 5K
巴厘岛,印度尼西亚,海,波浪,阳光,岩石 5K
冬天,雪,早晨,顶视图,树,雾,阳光 5K
森林,树木,阳光,阴影,秋天
岩石,海,风暴,云彩 4K
冷杉枝,针 4K
秋天,森林,树木,红叶
美丽的夏天森林,绿色,树木,岩石,流
美丽的北极光,山脉,海岸,夜晚
树,通道,路径,秋天 4K
夏天,田野,树木,村庄,云,日落 4K
蒲公英,月亮,夜晚 5K
冰,海,海岸,石头,早晨 5K
秋天,树,红叶,雾,早晨 5K
盐溪瀑布,瀑布,树,绿色,美国 5K
蜘蛛网,水滴 5K
棕榈树,蓝色的大海,夏天 5K
海,水,泡沫,岩石,早晨 4K
菲律宾,海滩,海,船,树木 5K
美国,山,雾,树,早晨,自然风景 5K
秋天,树,道路,红叶,阳光 5K
克罗地亚十六湖国家公园,美丽的瀑布 5K
瀑布,溪流,树木,绿色,公园 5K
瑞士自然风景,河,山,云彩,绿色
森林,树木,黄叶,太阳光线,秋天 5K
冰岛,塞里雅兰瀑布,瀑布,冬季,雪,悬崖 5K
公园,树木,黄叶,长凳,路,秋天 8K
早晨,雾,山,树,自然风景
大连,海,海岸,石头,苔藓,日落 5K
蒲公英,种子,风,夕阳,美丽的自然景观 8K
大连,中国,海,日落,岩石,青苔
冬天,雪,树,天空,白云 5K
日落,太阳光芒,河,蓝天,云彩
大海,沙滩,日落,云,金色风格 5K
自然风景,树,草,绿色,云彩,夏天
早晨,树木,草,雾,黎明 4K
蒲公英,白花特写镜头,种子,风 4K
沙漠,湖泊,绿洲 4K
雪,树枝,叶子,霜,冬天
树枝,雪,冬天,朦胧 4K
海岸,草,朦胧,闪耀,海
草,树,河,云彩,自然风景 5K
绿叶,水滴 4K
冰山,海,冰 8K
干叶,木板 5K
海,水流,云,日落
山,石头,河,自然风景 5K
瑞典,海,海岸,岩石,云,日落
云杉,孤独的树,海,黄昏
冬天,雪,森林,树木,黄叶
山,坡,树木,日落
早上,树木,田野,雾,道路
美丽的瀑布,夜晚,满天星斗
坡,山,太阳,阳光,雪,云,冬天 4K
黄色和棕色的枫叶,蓝色背景 5K
石头,海,挪威,日落
山,草,云,自然景观
俄罗斯,阿尔泰,山脉,河流,云,野花
坡,山,太阳,阳光,雪,云,冬天 4K
湖,船,草,树木,云,黄昏
树木,沙滩,大海,阳光
海,波浪,人 5K
夜晚,月亮,山脉,云彩
树木,路径,星空,月亮
山,树,湖,雾,早晨
森林,河,桥梁,太阳光芒,雾,早晨 4K
树木,路径,星空,月亮
海,岩石,日落,云彩,灯塔
红枫叶,树枝,秋天
树木,田野,早上,路,阳光,云
绿色和黄色的叶子,光
河,树木,草地,田野,云彩,乡村,早上
早晨,日出,湖,云彩,草,山 4K
加拿大,湖,森林,水反射,山,自然风景
路标,路,山,雪,冬天,云彩 4K
冬季,足球场,雪,树木,太阳光线,早上 4K
湖,山,树木,日出
秋天,白桦林,树木 4K
阿瓜阿祖尔,瀑布,墨西哥 4K
石头,海,海岸,云 4K
剪影,人,天空,云彩 4K
日出,山,早晨,太阳光芒 4K
阿瓜阿祖尔,瀑布,墨西哥 4K
山,湖,热气球,水中倒影 4K
绿色叶子,朦胧的背景,春天 4K
阿瓜阿祖尔,瀑布,墨西哥 4K
室内植物,绿叶,水滴 4K
枝杈,绿色叶子,蓝天 4K
德国,图林根州,哈尔豪森,狐独的树木,田野
枝杈,绿色叶子,蓝色背景
绿色的树叶,树枝,模糊的背景 4K
海,海滩,海岸,云,日落 4K
德国,图林根州,哈尔豪森,狐独的树木,田野
班夫国家公园,加拿大,树木,道路,山,雪 4K
德国,图林根州,哈尔豪森,狐独的树木,田野
绿色蕨叶子,阳光 4K
波斯尼亚和黑塞哥维那,克拉维斯瀑布,湖泊,树木,黄昏
德国,撒克逊瑞士,山,岩石,树木,云,雾,早晨
树木,森林,道路,通道 4K
船,海,山,日落
枫叶,木板,地板 4K
墙,植物,红叶
挪威峡湾,湖泊,山脉,雾,早晨
自然风光,草,树木,绿色,溪流
燕山,山,雾,早晨,秋天,中国 5K
火红的枫叶,背景朦胧
树木,雪,冬天,人,黄昏 5K
秋天,树,道路,天空,云彩
树枝,树叶,阳光,眩光
积雪的山,石头,小河 5K
日落,天空,树木,夜晚,剪影 5K
秋天,树木,草,坡,石头
山,云,谷,悬崖,河,自然景观
新疆,库姆塔格沙漠,骆驼 5K
新疆,库姆塔格沙漠,骆驼 5K
红叶,树木,树枝,秋天
树木,草地,秋天 5K
热带,海,棕榈树,度假村 5K
积雪覆盖的山脉,天空 5K
广西桂林阳朔,自然风光秀丽,群山,河流,小船
自然,红枫叶,树枝,秋天
树木,河流,雪,冬天,黄昏
龙胜梯田,水稻田,山,村,雾,广西,中国
早上,河流,树木,雾,人
美丽的夕阳,湖泊,天空,水中的倒影
树,山,湖,云,秋天,黄昏
东部山脉,池塘,树木,山
蘑菇,黄叶,地面
芦苇,天空,云彩,自然风景
丹霞山,广东,中国,森林,山,云彩
树木,岩石,城市,黄昏 5K
森林,树木,路径,阴霾
山,山谷,森林,树木,河流
羚羊峡谷,岩石,纹理
瑞士,湖泊,岛屿,树木,山脉
树枝,芽,春天
羚羊峡谷,岩石,纹理
挪威,山,河,石头,美丽的自然景观
挪威,岛,湖,水反射,树木,早晨
湖,芦苇,树木,云,黄昏
冰岛,西斯卡夫塔山县,绿色和黑色 4K
加拿大,弓湖,码头
挪威,岛,湖,水反射,树木,早晨
瀑布,岩石,树木,鲜花
湖,山,树,云彩,水反射
奥地利,博登湖,水,树木,日出
美丽的茶园,丘陵,日出
美丽的瀑布,自然风景,河 4K
塔斯马尼亚岛,美丽的瀑布,丛林
朱砂湖,加拿大,班夫国家公园,雪,山,黄昏
湖,森林,秋天,顶视图
自然,绿色的田野,风暴,乌云,闪电
夏天,蒲公英,阳光,眩光,日落
夏天,干草,草,云,日落
苏格兰,海岸,海,岩石,雾,早晨
树木,草地,田野,乡村,清晨,日出
农村,田野,树木,日落
森林,山脉,野花
山,岩石,悬崖,雾,早晨
山,丘陵,峡谷,云,日落
蒲公英微距摄影,水滴
美国,约塞米蒂国家公园,树木,山脉,天空,黄昏 4K
森林,树木,蓝天,自然风光
黄叶,树枝,朦胧,秋天 4K
日落,湖,树,天空,云彩
树,树干,苔藓 5K
云杉,树枝,针,绿色 4K
树,海,红色天空,云彩,日落
挪威,蒂里湖,湖泊,岩石,日落
挪威,蒂里湖,湖泊,岩石,日落
丹霞山,韶关,广东,湖,自然风景,中国
松树,树干,雾,早晨
厚厚的云层,日落 4K
荷花绿叶,茎
黄色的芦苇,沼泽,水
荷花绿叶,茎
秋天,金色的芦苇,沼泽
高树,从底部看,天空
冬天,树木,雪,雾,早晨
云杉,雪,树枝 4K
树,草地,池塘,太阳光线,夏天
广西龙胜梯田,水稻田,人,中国
许多绿叶 5K
麦田,树木,云,日落 4K
麦田,树木,云,日落 4K
美丽的自然景观,张家界,中国,山,雾
树木,云彩,天空 4K
树木,岩石,小溪
夜晚,满天星斗,天空,轮廓,男人,光 4K
张家界,岩石,山,悬崖,自然景观,中国
树木,霜,冬天,雪,雾 5K
夏天,草地,树木,阴影
英格兰,多塞特郡,珀贝克,丘陵,云彩
美国,密歇根州,拉丁顿,失落的湖泊,树木,草
美国,密歇根州,拉丁顿,失落的湖泊,树木,草
大麻绿叶 5K
英格兰,多塞特郡,珀贝克,丘陵,云彩
湖,小船,山,日出,天空,云彩 4K
连云港,连岛,海,岩石,黄昏,中国 5K
新西兰,瓦卡蒂普湖,岩石,山脉,云
大麻绿叶 5K
涠洲岛,海洋,岩石,日落,中国 4K
帕卢斯,美丽的绿色田野,华盛顿,美国 5K
连云港,连岛,海,岩石,黄昏,中国 5K
涠洲岛,海洋,岩石,日落,中国 4K
植物,荆棘,朦胧 4K
植物叶子,树枝,朦胧 5K
连云港,连岛,海,岩石,黄昏,中国 5K
蒲公英,水滴,蓝色风格 4K
山,松树,河,黄昏
雾,森林,树木,早晨 5K
绿草,植物 5K
山,松树,日出
爱尔兰,莫伊尔,岩石,海,日落
爱尔兰,莫伊尔,岩石,海,日落
树木,草,月亮,星空,天空
绿叶,水滴,植物 5K
美国,犹他州,大教堂谷,路,云
山,云,日落,海 5K
挪威,罗弗敦群岛,海,石头,星星,天空
岩石,石头,裂缝,海
秋天,森林,树木,石头,河流
夏天,田野,云彩,天空
西班牙,穆尔西亚,海,海岸,日落,云
红叶,树枝,朦胧,秋天
小山,树木,自然景观
云彩,海,日落,太阳光芒 5K
沙漠,沙子,炎热
西班牙,穆尔西亚,海,海岸,日落,云
美丽的自然景观,树木,丘陵,秋,中国 4K
山顶,森林,树木,雪,冬天
蒲公英花微距摄影
西班牙,穆尔西亚,海,海岸,日落,云
美丽的瀑布,湖,自然风景
冬天,森林,树木,雪,冷
早晨,森林,草,阳光
树,树枝,绿叶,森林
蘑菇和紫色的花
科雷马,河流,树木,秋天,云
森林,小溪,瀑布,岩石,苔藓
树,太阳光线,早晨
灌木,树木,黄叶,秋天,云 4K
湖,树,云,黄昏,水反射
芬兰,萨翁林纳,森林,树木,雪,冬天
冬天,早晨,雾,树,雪,太阳光芒,山
芬兰,萨翁林纳,森林,树木,雪,冬天
绿叶特写,室内植物 5K
科雷马,树木,河流,秋季
草,树木,城市,云,彩虹 4K
冬天,湖,雪,水,日落
美国,山脉,树木,雾,黎明
山,峡谷,黑暗,云彩
蒲公英,绒毛飞行,水滴
新西兰,草,树木,湖泊,云彩,日落
山,湖,水反射,草
湖,山,树木,岩石
岩石,树木,公园 4K
冰岛,美丽的自然景观,山,草,海,云
威尔士,英国,树木,山,湖,水反射
美国,北卡罗来纳,山,树,日出,雾,早晨
蕨类植物,绿色的叶子,背光
雪,冬天,树木,太阳光线
热带,海,波浪,秋千,树木
树木,草,雪,冬天
海,小溪,波浪,石头,云彩,日落 4K
蓝色的大海,波浪,石头 4K
湖,石头,树木,雾
冬天,厚厚的积雪,道路,树木,坡
蘑菇,鹅膏菌,蚂蚁,蜘蛛,网,叶子
美国,科罗拉多州,河流,山脉,树木,渔夫,阳光
冬天,雪,树木,山脉,河流
公共汽车,早晨,雾
黄色叶子,霜,秋天
美国,内华达州,峡谷,沙漠 4K
许多叶子,绿色,黄色,红色,纹理背景 4K
早上,湖泊,岛屿,树木,雾
海,波浪卷,美丽的自然景观
树木,石头,河流,热带
斯凯岛,苏格兰,灯塔,海
绿色叶子,白色背景,艺术图片
春天,森林,树木,道路,绿色
法国,布列塔尼,瀑布,石头,叶子,苔藓,小河 5K
地面,草,叶子 5K
秋天,枫叶,树枝,自然 5K
山,薄雾,早晨,自然风景
秋天,树木,坡,池塘,云
塞浦路斯,夜晚,棕榈树,海,云,灯 5K
星轨,旋转圈,美丽的天空 5K
美丽的自然景观,湖,山,树,水中的倒影,加拿大 5K
冰川,冰,岩石,冷
俄罗斯,阿尔泰山,湖,水反射,树木,秋天
秋天,树枝,叶子,天空,眩光
雪山,森林,雾 5K
美丽的冬天,雪,树木,河流,月亮,黄昏
火红的枫叶,黄色,秋天 4K
美丽的自然景观,丘陵,树木,秋天
挪威,诺德兰,罗弗敦,北极光,山脉,海,黄昏
清澈的水,湖泊,树木,山脉,夏天
冰岛,山脉,海滩,黄昏
海岸,海,波浪,泡沫,石头 5K
美国,马里布,岩石,海,洞穴,阳光 8K
树,路径,森林,自然 4K
树,海滩,海,黄昏
日落,云彩,自然风景 5K
挪威,山,海,日落,黄昏
秋天,公园,树木,黄色和红色的叶子
黄色槭树叶子,树,阳光 4K
意大利,南蒂罗尔,山,草,树木,云
日落,河,云彩,水反射
松树,树枝,针,紫色锥果 5K
海,岩石,拱,海滩,日落,太阳光线
