dbType,assignType,tutor,cDNo,authorCode,articleUrl,title,quoteCount,publishTime,downloadCount,dbSource,fileName,allowDownload,author,range,articleStatus,tutorCode,year,content,keyWord,originate,zTCode,summary,magaAssignCode,period,deptCode,dbName,arcitleType,versionCode,articleAssignCode,publishPYName,publishCode
CJFD,,,cajtmp,000039426010;000022556363;000029544943;000048687487;000052992675,,可解释~#@机器学习@#~在油气领域人工智能中的研究进展与应用展望,0,2024-09-23,277,期刊,TRQG202409011,True,闵超;文国权;李小刚;赵大志;李昆成;,,,,2024,,油气田勘探开发;人工智能;机器学习;可解释机器学习,天然气工业,B019;I140;,"0 引言
当前我国油气对外依存度较高，为保障国家能源安全，从战略层面上需要加强油气资源的勘探开发。但是，随着常规油气的日益枯竭，剩余的可采油气资源大部分属于较难开采的非常规油气[1-2]。在这一背景下，人工智能与油气工业的深度融合，已成为推动油田企业实现规模增产的重要手段[3]。与数值模拟和实验研究等方法相比，通过拟合无法使用机理模型描述的油气田开发数据方式，基于~#@机器学习@#~（Machi...",,09,0184187;,CJFDAUTO,期刊,,,TRQG,
CJFD,,,cajtmp,000047988517;000036958757,,公共管理研究中的~#@机器学习@#~方法——原理、应用及挑战,0,2024-09-13,843,期刊,GGZC202405011,True,刘闻博;王丛虎;,,,,2024,,公共管理研究;;研究方法;;机器学习;;公共价值,公共管理与政策评论,G110;I140;,"一、引言
当下的社会正处于一个数字爆炸、信息爆炸的时代，党的二十大报告更是提出了加快建设“网络中国、数字中国”的迫切要求。在第四次科技革命中，芯片产业的迅速发展与互联网技术对人们日常生活的渗透使得~#@机器学习@#~蓬勃生长：一方面，高算力低成本的GPU(图形处理器)使人工智能的生产与应用脱离企业，走向民间，~#@机器学习@#~不再是一种高门槛的技术；另一方面，数字经济发展孕育的海量数据也为~#...",,05,0198015;,CJFDAUTO,期刊,,,GGZC,
CJFD,,,cajtmp,000054289399;000032831796;000024819192;000041609824;000031071456;000064588318,,新质生产力时代要求背景下的大学~#@机器学习@#~课程探索与研究,0,2024-09-10,4,期刊,CXYL202417013,True,焦文华;李丽娟;张印强;梅雪;王莉;刘芃;,,,,2024,,新质生产力;创新人才;产教融合;机器学习,创新创业理论研究与实践,H131;I140;,当今社会正处于技术驱动的快速发展时期，人工智能和~#@机器学习@#~等前沿技术成为推动社会进步和经济增长的关键驱动力[1-2]，培养具备~#@机器学习@#~知识和技能的大学生，成了社会进步和产业发展的共同需求[3-5]。与此同时，习近平总书记提出了发展新质生产力的时代要求，大力发展新质生产力是我国在新发展阶段构筑国家竞争新优势的战略选择[6-7]，这对当代大学生提出了更高的要求。因此，如何培养大学...,,17,0011979;,CJFDAUTO,期刊,,,CXYL,
CJFD,,,cajtmp,000063976815;000063976816;000014242153;000036603717;000046815096,,~#@机器学习@#~强化的电化学阻抗谱技术及其在锂离子电池研究中的应用,0,2024-09-03 09:22,314,期刊,CNKX202409007,True,何智峰;陶远哲;胡泳钢;王其聪;杨勇;,,,,2024,,锂离子电池;电化学阻抗谱;机器学习;寿命预测,储能科学与技术,C042;I140;,"锂离子电池因其高能量密度和长循环寿命，在全球能源结构转型和现代储能技术应用中扮演了核心角色。随着电气化的不断发展，动力电池和储能电池的需求激增[1],2022年电动车销量超过1000万辆，电动汽车销量持续增长，到2024年可能达到约1700万辆，占全球销量汽车的五分之一以上[2]。在实际使用过程中人们不仅对锂离子电池的性能提出更高要求，更对电池使用的安全性和可靠性形成广泛关注[3-4]。在可靠性研...",,09,0125037;,CJFDAUTO,期刊,,,CNKX,
CJFD,,,SCTA2409,000062667972;000060967979;000057114467;000042108890;000042784147,,基于~#@机器学习@#~的时空出行选择行为研究综述与展望,0,2024-08-28,422,期刊,DLKJ202408014,True,王江波;连芝锐;冯涛;唐立;刘锴;,,,,2024,,时空出行选择行为;;非集计模型;;机器学习;;可解释性,地理科学进展,C034;I140;,时空出行选择行为模型是交通需求分析与预测的基石，为交通系统政策制定、运营管理和系统优化提供了可靠的决策支撑。20世纪60年代，McFadden[1]将可操作性极强的Logit模型和个人随机效用理论结合，时空出行选择行为的建模方法得到迅速发展。20世纪70年代，经典离散选择模型在旧金山湾沿岸高速铁道需求预测中的成功应用，使得非集计分析模型和方法在快速城市化进程中大显身手[2]。在随后的几十年中，学者...,,08,0222286;0141372;0265106;,CJFDLAST2024,期刊,,,DLKJ,
CJFD,,,cajtmp,000017695025;000019928677;000029289426,,~#@机器学习@#~在无线电领域的典型应用与挑战,0,2024-08-26,15,期刊,ZWDG202408035,True,黎璐玫;王心尘;王晓冬;,,,,2024,,机器学习;;无线电;;应用;;挑战,中国无线电,I136;I140;,"1~#@机器学习@#~
~#@机器学习@#~是一种通过数据训练模型，并通过模型进行预测和决策的技术，主要包括数据采集、数据探索和预处理、模型的建立和训练、模型评估与优化四个基本步骤。按照不同的分类方法，~#@机器学习@#~算法有多种分类结果，深度~#@学习@#~是~#@机器学习@#~算法中通过使用多层神经网络，处理大量复杂的、非结构化数据的新领域，在某些任务上的表现超越了传统的~#@机器学习@#...",,08,0462775;,CJFDAUTO,期刊,,,ZWDG,
CJFD,,,cajtmp,000064041277,,量子~#@机器学习@#~算法研究概述,0,2024-08-25,162,期刊,TXSJ202408047,True,侯敏;,,,,2024,,机器学习;量子机器学习;量子计算;人工智能,通讯世界,A005;I140;,"0 引言
随着信息技术的飞速发展和大数据的涌现，传统计算机对数据的处理能力已经达到瓶颈。然而，~#@机器学习@#~作为一门交叉学科，已经对众多领域产生了深远的影响。~#@机器学习@#~算法核心旨在提取有价值的数据训练生成模型，利用模型对数据进行预测与分析，并不断优化、提升模型的性能。同时，第二次量子科技革命催生出量子计算等新兴技术，其中量子计算因具有独特的性质（量子叠加性和并行性），能够实现对数...",,08,1750623;0178313;,CJFDAUTO,期刊,,,TXSJ,
CJFD,,,SCTC2409S2,000046324696;000038153799;000035606612;000024089916;000014843708;000023880514;000063972370,,遥感卫星任务智能决策的~#@机器学习@#~方法研究,0,2024-08-15,116,期刊,HTGC202404001,True,杨芳;景丽萍;黄敏;陈雄姿;田帅虎;王抒雁;张宝昕;,,,,2024,,遥感卫星;;任务智能决策;;机器学习;;样本模型,航天器工程,C031;I140;,遥感卫星任务智能是智能对地观测卫星系统(IEOS)的关键技术之一[1-3]。遥感卫星的任务决策通常采用地面或星上任务规划实现[4]。任务规划软件制定任务的决策策略，包括用户任务需求、卫星基本配置参数、地面系统可用资源、分系统约束条件、分系统间时序匹配、决策优化调度算法、最终指令生成等[5]。任务决策过程可以描述为任务规划软件根据用户需求和可用资源在满足当前卫星各分系统(如姿态控制、载荷、数传)匹配...,,04,0211502;0111847;,CJFDLAST2024,期刊,,,HTGC,
CJFD,,,cajtmp,000034867586;000064558810;000048120815;000032060123;000020366556,,~#@机器学习@#~在特殊教育研究中的应用与展望,0,2024-08-15,50,期刊,ZDTJ202408003,True,陈建军;李泓仪;刘佃振;李涛;宿淑华;,,,,2024,,机器学习;;特殊教育研究;;赋能;;未来展望,中国特殊教育,H127;H133;I138;,"1 引言
~#@机器学习@#~作为人工智能的重要分支，是一种通过算法使~#@机器@#~在经验数据中自动~#@学习@#~规律的计算机程序[1],其核心在于通过数据驱动的方法论，从大量数据中提取关键特征，并基于这些特征构建模型，从而在未知情境中做出智能响应[2]。在教育领域，~#@机器学习@#~已展现出其巨大的潜力，尤其在支持服务、教学预测、教育环境、教育评价、教学模式等方面[3],其优势已经得到了...",,08,0146229;0012645;1753967;0107442;,CJFDAUTO,期刊,,,ZDTJ,
CJFD,,,SCTB2409,000037020288;000032019169;000063622055;000055391935;000025663505;000017991989,,~#@机器学习@#~在环境分析检测中的应用研究进展,0,2024-08-13,380,期刊,TEST202408002,True,刘思思;张波;李星颖;辛蕾;应光国;陈长二;,,,,2024,,环境分析化学;;环境检测;;机器学习;;新污染物,分析测试学报,B027;I140;,人类工业革命以来，许多环境问题都直接或间接与化学品有关。化学品污染已被联合国环境规划署列为影响人类生存与发展的全球重大环境问题之一[1]。为了评价化学品排放到环境后对环境造成的影响，人们必须准确、及时地了解当前环境中已经发现的有毒物质浓度是否超过安全阈值？还存在哪些潜在的有毒物质？它们从何而来？进入环境后发生什么变化？可能造成什么危害？而要回答好这些问题，环境分析检测技术必不可缺。环境分析检测技术...,,08,0109513;1951901;,CJFDLAST2024,期刊,,,TEST,
CJFD,,,cajtmp,000060468854;000035241989,,~#@机器学习@#~在信息系统管理中的应用分析,0,2024-08-10,18,期刊,KXZC202408051,True,李一;李爽;,,,,2024,,机器学习;;信息系统;;管理应用,科学咨询(科技·管理),I138;I140;,信息系统是一个由计算机硬件、软件、数据和用户组成的系统，用于支持组织的各种业务和决策。随着多组织信息化的不断推进，信息系统在组织中扮演着越来越重要的角色。然而，信息系统管理仍然面临许多挑战，如基础设施的优化、数据的管理和分析、信息安全和用户支持等问题[1-3]。为了解决这些问题，研究者开始关注~#@机器学习@#~在信息系统管理中的应用。~#@机器学习@#~是一种基于数据驱动的算法，通过~#@学习@...,,08,1003001;,CJFDAUTO,期刊,,,KXZC,
CJFD,,,cajtmp,000064568775;000064568776;000064568774,,~#@机器学习@#~模型在软件工程中的研究与应用,0,2024-08-10,17,期刊,XXDL202415052,True,王一丁;曾珺;马培兴;,,,,2024,,机器学习;;数据分析;;软件工程,信息与电脑(理论版),I138;I140;,"0 引言
随着大数据与人工智能的不断发展及大数据时代的到来，~#@机器学习@#~技术在软件工程中的研究日益广泛，涉及医疗信息、图像和语音识别及金融风控等多个领域。~#@机器学习@#~模型可以通过对数据集中的大量数据~#@学习@#~和分析，挖掘出数据中存在的规律，进而搭建预测分析模型，提高软件开发的效率和质量，推动软件工程的智能化发展。
1 ~#@机器学习@#~概述
~#@机器学习@#~是人工...",,15,1749894;,CJFDAUTO,期刊,,,XXDL,
CJFD,,,cajtmp,000038272794;000047563107,,~#@机器学习@#~伦理风险及其防控治理,0,2024-08-05,174,期刊,SDSK202408011,True,夏明月;陈冬阳;,,,,2024,,机器学习;;伦理风险;;人工智能;;治理,山东社会科学,F101;,"目前，人类已迈入人工智能(Artifical Intelligence, 简称AI)时代，正向着智能化社会持续推进。牛津大学信息哲学教授卢西亚诺·弗洛里迪(Luciano Floridi)认为，人工智能是继哥白尼革命、达尔文革命、神经科学革命之后人类自我认知的“第四次革命”①。作为人工智能的前沿成果，ChatGPT自发布之日起五日内用户就超过了100万，截至2023年12月，ChatGPT 拥有约...",,08,0073648;,CJFDAUTO,期刊,,,SDSK,
CJFD,,,INFO2409S1,000020063697;000036665956,,~#@机器学习@#~支持下的入侵检测技术探究,0,2024-08-01,30,期刊,CXJL202408036,True,肖学玲;肖远军;,,,,2024,,机器学习;;入侵检测技术;;网络安全,信息记录材料,I139;I140;,"0 引言
当前互联网已经成为人们日常生活中的重要组成部分，然而，网络入侵威胁日益严重，对个人隐私泄露与社会公共安全均造成了严重影响，因此需要及时对网络入侵采取有效的检测技术，从而确保网络安全。目前计算机网络系统防御入侵的主要手段是软硬件相结合的入侵检测系统，入侵检测系统能够通过对入侵行为、网络日志以及其他网络上获取的信息进行有效分析与识别，一旦检测到对网络的入侵意图，立即采取适当的解决方法进行处...",,08,0263858;0020546;,CJFDLAST2024,期刊,,,CXJL,
CJFD,,,SOCI2409SS,000004865449,,人工智能“~#@机器学习@#~”教学逆向设计的实践与思考,0,2024-08-01,46,期刊,NETT202415008,True,吴烜;,,,,2024,,逆向设计;;人工智能;;机器学习,中国信息技术教育,H130;,随着科技的飞速发展，人工智能正深刻影响着我们生活的各个领域，人工智能教育的重要意义不言而喻。~#@机器学习@#~作为人工智能的核心分支，其教学对学生理解AI的概念和技能至关重要，如何在中学阶段采用合适的教学方式引导学生~#@学习@#~和理解人工智能，是目前信息技术教师积极探索和研究的方向。在传统教学设计中学生往往处于被动的~#@学习@#~状态，而逆向教学设计以终为始，从~#@学习@#~结果出发，确...,,15,0138625;,CJFDLASN2024,期刊,,,NETT,
CJFD,,,SOCI2408S1,000063344656,,指向计算思维培养的人工智能教学实践研究——以初中《探秘~#@机器学习@#~》一课为例,0,2024-07-25,189,期刊,JYSB202414010,True,原嫄;,,,,2024,,人工智能;;机器学习;;图形化编程;;计算思维,中国现代教育装备,H130;,人工智能技术发展至今，已在图形识别、语音识别、生物识别、生成式人工智能(AIGC)等众多领域得到广泛应用，并展现出~#@机器学习@#~的突破性成就。我国近年来高度重视人工智能赋能教育的战略部署。自2017年国务院发布《新一代人工智能发展规划》以来，已逐步将人工智能教育纳入基础教育课程体系。《义务教育信息科技课程标准(2022年)》设立了人工智能的独立模块，全面覆盖应用实践、计算原理、伦理安全等内容...,,14,,CJFDLAST2024,期刊,,,JYSB,
CJFD,,,AGRI2408S1,000003850202;000062078019,,~#@机器学习@#~在智慧农业中的应用,0,2024-07-20,231,期刊,NYGE202407003,True,杨嘉鹏;董荣;,,,,2024,,机器学习;智慧农业;农业应用;农业信息化,农业工程,D043;I138;I140;,"0 引言
目前我国尤其是西北地区农业呈现出作物多样性和对水资源的依赖性[1]。由于水资源相对匮乏，加之气候变化带来的不确定性，农业生产面临诸多挑战[2-3]。土地资源的利用压力也随着人口增长和经济发展而增大，这进一步要求农业实现可持续发展[4-5]。智慧农业的引入，尤其是~#@机器学习@#~技术的应用，为农业生产力和效率的提升提供了新的可能性。精准农业的实践，可以优化水资源和肥料的使用，同时预测...",,07,1699451;0194145;,CJFDLAST2024,期刊,,,NYGE,
CJFD,,,cajtmp,000060113915,,类型化视角下~#@机器学习@#~的合理使用制度研究,0,2024-07-20,85,期刊,DZZS202407001,True,江璐迪;,,,,2024,,人工智能;机器学习;合理使用;技术创新,电子知识产权,G117;,"一、问题的提出
人工智能技术的飞跃式发展拉开了新一轮技术革命的序幕，与公有领域的信息不同，版权作品具有内容丰富、信息优质的特点，利用版权作品进行数据训练、优化算法是人工智能~#@机器学习@#~中必不可少的环节。目前，人工智能行业的发展正经历互联网发展早期“非法兴起”的阶段。1
1
在此背景下，有关~#@机器学习@#~的版权纠纷不断涌现。2024年2月28日，广州互联网法院就“全球AIGC平台...",,07,0153671;,CJFDAUTO,期刊,,,DZZS,
CJFD,,,SOCI2409,000036206298;000032614757;000042610819,,基于CDIO理念的研究生“~#@机器学习@#~”课程教学改革探索,0,2024-07-05,49,期刊,KJDS202419043,True,刘健;王雪松;袁小平;,,,,2024,,CDIO理念;;机器学习课程;;研究生;;教学改革,科教导刊,H131;I140;,"~#@机器学习@#~（Machine Learning）作为人工智能领域的一个重要分支，在过去几十年中取得了显著的发展。随着大数据、深度~#@学习@#~和自动化技术的兴起，~#@机器学习@#~已在各行各业产生了深远影响，越来越多行业开始认识到~#@机器学习@#~在社会工作中的巨大潜力。作为未来科技创新的关键驱动力之一，研究生专业知识和技能的培养已成为高等教育的当务之急[1]。
[1]
然而，传...",,19,0041682;,CJFDLAST2024,期刊,,,KJDS,
CJFD,,,SOCI2409,000017022454;000004260778;000007027165,,数据科学与大数据技术专业~#@机器学习@#~课程的教学改革探索,0,2024-07-01,107,期刊,JYGN202419012,True,甘炎灵;徐鲁辉;夏海英;,,,,2024,,机器学习;;数据科学与大数据技术;;教学改革,教育观察,H131;I140;,"一、引言
在当今信息爆炸的时代，大数据产业已成为推动社会进步和经济发展的战略性产业。[1]我国高度重视大数据产业发展，工业和信息化部发布《“十四五”大数据产业发展规划》,推动实施国家大数据战略。[2]各行各业对大数据处理与应用的需求正在迅速增长，相应地，对相关专业人才的需求也在日益增加。2016年2月，教育部新增数据科学与大数据技术本科专业，北京大学、对外经济贸易大学、中南大学成为首批开设院校。...",,19,0019441;,CJFDLAST2024,期刊,,,JYGN,
CMFD,,王伟,CDMDTMP,000063958779,,基于~#@机器学习@#~预测半导体材料弹性及介电性质,0,2024-06-30,124,硕士,1024533085.nh,True,胡瑞祎,,,09079705;,2024,,半导体材料;弹性张量;弹性模量;介电张量,中国优秀硕士学位论文全文数据库,A005;I140,"西安理工大学
硕士
2024
基于~#@机器学习@#~预测半导体材料弹性及介电性质
Predicting Elastic and Dielectric Properties of Semiconductor Materials Using Machine Learning
胡瑞祎
王伟
物理学
随着科学技术的迅猛发展,传统的基于研究者科学直觉和大量重复的试错实验的材料制备方法已无法...",,,0041993;,CMFDTEMP,论文,,,AAAM,10700
CMFD,,刘登峰,CDMDTMP,000064054785,,基于~#@机器学习@#~的黄土高原沟壑区小流域水热碳过程模拟,0,2024-06-30,37,硕士,1024532350.nh,True,邓炜,,,28477890;,2024,,黄土高原;土壤湿度;土壤温度;河水温度,中国优秀硕士学位论文全文数据库,A012;B027;C037;I140,"西安理工大学
硕士
2024
基于~#@机器学习@#~的黄土高原沟壑区小流域水热碳过程模拟
Modeling of the Processes of Water-heat-carbon Based on Machine Learning in a Gually Watershed on Loess Plateau
邓炜
刘登峰
水文学及水资源
土壤湿度、土壤温度、河水温度以及二氧化...",,,0041993;,CMFDTEMP,论文,,,AAAM,10700
CJFD,,,INFO2408S1,000056918371;000039690791;000042492945;000036846377;000029154959,,基于~#@机器学习@#~的增材制造用高温合金设计：研究现状与未来趋势,0,2024-06-25,202,期刊,ZNAQ202402010,True,穆亚航;梁静静;李金国;周亦胄;孙晓峰;,,,,2024,,机器学习;;合金设计;;高温合金;;增材制造,智能安全,B022;I138;I140;,"引 言
增材制造(Additive Manufacturing, AM)是一种基于三维数字模型数据，通过逐层添加材料的方式来构建三维实体的制造技术。增材制造技术彻底改变了金属构件的制造方式，通过增材制造设备能够实现高度复杂几何形状零件的一体化制备[1-3];同时，通过局部工艺变化，可以实现微观结构与性能的局部变化，这种制造方式可以实现复杂结构的高精度制造，从而提高产品的性能和品质。尽管经过工业界...",,02,0002522;0110114;,CJFDLAST2024,期刊,,,ZNAQ,
CJFD,,,SOCI2408S1,000008144269;000045889755,,~#@机器学习@#~方法在热工学课程教学中的应用,0,2024-06-20,31,期刊,KXZK202406031,True,韩超灵;王志荣;,,,,2024,,热工学;;机器学习方法;;课程教学;;改革,科学咨询(教育科研),C039;H131;,人工智能(Artificial Intelligence，简称AI)是一门研究如何使计算机系统具备智能行为的学科。它旨在使计算机模拟和执行人类智力任务，如~#@学习@#~、推理、问题解决、感知和语言理解。AI的发展依赖于大数据、~#@机器学习@#~、深度~#@学习@#~和先进的算法。其中~#@机器学习@#~是人工智能和计算机科学的重要分支，可以通过统计学方法对算法进行训练，使其对具体问题进行分类或...,,06,0011979;,CJFDLAST2024,期刊,,,KXZK,
CJFD,,,cajtmp,000062510872;000024966538,,利用~#@机器学习@#~的GNSS欺骗检测综述,0,2024-06-19 15:16,462,期刊,JSGG202417005,True,周雅兰;宋晓鸥;,,,,2024,,机器学习;神经网络;全球卫星导航系统(GNSS);欺骗检测,计算机工程与应用,I136;I140;,"随着全球卫星导航系统（global navigation satellite system,GNSS）的不断发展，其应用领域也不断扩展，在无人驾驶[1-2]、无人作战[3-4]、精密制导[5-6]等需要精确定位授时信息的民用及军事领域发挥着主导作用。然而，导航卫星距离地面两万至三万千米，导航信号到达终端接收机时十分微弱。并且，民用信号系统不加密且信号频点和格式对外公开。这些因素导致卫星导航信号极易...",,17,1694105;,CJFDAUTO,期刊,,,JSGG,
CPFD,,,CPFDTEMP,000030765607;000038954919;000015311644;000055885056,,基于~#@机器学习@#~算法的大学体育教学改革策略研究,0,2024-06-17 13:07,159,中国会议,TUKX202406001113,True,袁军;张毅超;马拾前;南浩浩;,,,,2024,,机器学习算法;;大学体育教学;;教学改革;;个性化教学,第二届陕西省体育科学大会论文摘要集（墙报）,H134;I140,"基于~#@机器学习@#~算法的大学体育教学改革策略研究@袁军$昌吉学院体育与健康学院
@张毅超$昌吉学院体育与健康学院
@马拾前$昌吉学院体育与健康学院
@南浩浩$昌吉学院体育与健康学院2024年1月,习近平总书记在中共中央政治局第十一次集体~#@学习@#~时强调,""高质量发展需要新的生产力理论来指导""""新质生产力是创新起主导作用,摆脱传统经济增长方式、生产力发展路径,具有高科技、高效能、高...",,,0106094;,CPFDTEMP,会议,,,TUKX202406001,
CMFD,,郑佳艳,CDMDTMP,000052455278,,玄武岩纤维混凝土力学性能试验及~#@机器学习@#~预测模型研究,0,2024-06-12,243,硕士,1024510672.nh,True,姚天晨,,,23362596;,2024,,玄武岩纤维混凝土;机器学习模型;粒子群优化算法;遗传算法,中国优秀硕士学位论文全文数据库,B015;C038,"重庆交通大学
硕士
2024
TU528.572
玄武岩纤维混凝土力学性能试验及~#@机器学习@#~预测模型研究
Research on Mechanical Properties Experiment of Basalt Fiber Concrete and Machine Learning Predictive Modeling
姚天晨
郑佳艳
力学
随着中国基建的快速发展,...",,,0157274;,CMFDTEMP,论文,,,BBBM,10618
CMFD,,张超,CDMDTMP,000063756644,,基于~#@机器学习@#~的Pt-Sn和Pt-Si-Sn体系的理论研究,0,2024-06-11,59,硕士,1024421237.nh,True,史国勇,,,09289485;,2024,,Pt-Sn体系;Pt-Si-Sn体系;第一性原理计算;机器学习原子间势函数,中国优秀硕士学位论文全文数据库,A005;I140,"烟台大学
硕士
2024
O469
基于~#@机器学习@#~的Pt-Sn和Pt-Si-Sn体系的理论研究
Theoretical Research on Pt-Sn and Pt-Si-Sn Systems Based on Machine Learning
史国勇
张超
物理学
近年来,由于Pt基合金在微电子工业和催化领域的广泛应用,人们对其进行了广泛而深入的研究。本论文基于~...",,,0072162;,CMFDTEMP,论文,,,AAAM,11066
CJFD,,,SCTC2407,000000939696;000037721427;000040401013;000023544664;000040377777,,~#@机器学习@#~在土木工程《工程监理》教学中的应用改革初探,0,2024-06-10,117,期刊,XUWA202406051,True,唐然;冯鹏;董建辉;邵俊虎;杨华平;,,,,2024,,机器学习;工程监理;教学改革;人工智能,砖瓦,C038;H131;,"新一轮的科技创新与产业革命需要工程教育来提供人才支持。目前，我国工程师的合格程度处于世界末端，新型工科人才的不足催生了对新型工程教育的探索[1]。
[1]
工程监理是研究工程建设过程中质量、进度和安全等方面的管理和监督的一门科学，在建筑工程、交通工程、水利工程等领域具有广泛的应用[2-4]。随着社会经济的快速发展和信息技术的不断更新换代，传统的课堂授课方式已经无法满足学生对《工程监理》知识深入...",,06,0195904;,CJFDLAST2024,期刊,,,XUWA,
CJFD,,,INFO2408S1,000032403735,,~#@机器学习@#~在电力计量能源管理与效能优化中的应用,0,2024-06-10,15,期刊,JCDL202406156,True,姚斌;,,,,2024,,机器学习;;电力计量;;能源管理;;效能优化,集成电路应用,C042;J145;J150;,"0 引言
本文探讨~#@机器学习@#~在电力计量能源管理与效能优化中的应用与算法。~#@机器学习@#~以其独特的优势在能源管理领域发挥重要作用。
1 研究背景
~#@机器学习@#~基本原理。~#@机器学习@#~是一种人工智能的方法论，它基于对数据的~#@学习@#~和自动优化，使计算机系统能够逐渐改进其性能，从而完成任务或达到目标。~#@机器学习@#~技术通过在大量数据中寻找模式，利用统计学原...",,06,0874984;,CJFDLAST2024,期刊,,,JCDL,
CMFD,,冷建材,CDMDTMP,000006558148,,基于~#@机器学习@#~与第一性原理计算的功能二维材料光电特性研究,0,2024-06-08,253,硕士,1024419289.nh,True,姜腾飞,,,33018918;,2024,,机器学习;;第一性原理计算;;二维材料;;光电特性,中国优秀硕士学位论文全文数据库,B020;I140,"齐鲁工业大学
硕士
2024
O47
基于~#@机器学习@#~与第一性原理计算的功能二维材料光电特性研究
Optoelectronic Properties of Functional Two-dimensional Materials : Machine Learning Combined with First-principles Study
姜腾飞
冷建材
材料科学与工程
...",,,1698679;,CMFDTEMP,论文,,,BBBM,10431
CMFD,,苏海涛,CDMDTMP,000064185709,,基于~#@机器学习@#~的电商精准营销研究,0,2024-06-05,137,硕士,1024489212.nh,True,叶甜甜,,,17706021;,2024,,电子商务;精准营销;机器学习;推荐算法,中国优秀硕士学位论文全文数据库,I140;J152;J157,"第一章 绪论
1
第一章 绪论
1.1 研究背景及意义
1.1.1 研究背景
随着互联网的普及，大数据时代下我国电子商务得到了快速的发展。在当
今社会，电子商务是企业与消费者之间的一种重要的交易方式。在中国，传统
的营销观念、方法和手段都无法与大规模的快速扩张和数量的快速增长相匹配，
因此，电子商务的营销方式正在逐步改变，从过去的粗放式发展到精确的集约
型，从而产生了精准营销。“...",,,0252160;,CMFDTEMP,论文,,,IIIM,10403
CMFD,,庞智强,CDMDTMP,000063203495,,基于~#@机器学习@#~的我国粮食产量预测研究,0,2024-06-03,335,硕士,1024457713.nh,True,肖文,,,38365808;,2024,,机器学习;;粮食产量预测;;Stacking集成模型;;交叉验证,中国优秀硕士学位论文全文数据库,I140;J149,"兰州财经大学
硕士
2024
基于~#@机器学习@#~的我国粮食产量预测研究
Research on Grain Production Prediction Based on Machine Learning
肖文
庞智强
应用统计（专业学位）
经济统计应用
在面对全球粮食市场的不确定性和挑战,粮食产量预测变得至关重要。粮食产量预测不仅可以帮助我们及时应对自然灾害、气候变化等因素...",,,1699013;,CMFDTEMP,论文,,,IIIM,10741
CMFD,,马瑾,CDMDTMP,000055938072,,基于可解释~#@机器学习@#~的中国表层土壤有机碳时空异质性研究,0,2024-06-03,169,硕士,1024485299.nh,True,孙怡,,,27974448;,2024,,机器学习;遥感反演;土壤有机碳;时空变化,中国优秀硕士学位论文全文数据库,A008;B027,"中国环境科学研究院
硕士
2024
基于可解释~#@机器学习@#~的中国表层土壤有机碳时空异质性研究
Spatiotemporal Heterogeneity of Surface Soil Organic Carbon in China Based on Interpretable Machine Learning
孙怡
马瑾
环境科学
土壤碳循环
土壤有机碳(Soil Org...",,,0858095;,CMFDTEMP,论文,,,AAAM,82405
CDFD,,高旺,CDMDTMP,000063671281,,贵金属基合金表面结构及吸附特性的~#@机器学习@#~研究,0,2024-06-01,290,博士,1024465452.nh,True,杨泽,,,23129205;,2024,,合金;表面稳定性;吸附特性;本征描述符,中国博士学位论文全文数据库,B022;I140,"吉林大学
材料科学与工程学院
博士
2024
TB34
贵金属基合金表面结构及吸附特性的~#@机器学习@#~研究
Machine Learning Study on Surface Structures and Adsorption Characteristics of Precious Metal Based Alloys
杨泽
高旺
材料学
计算材料学
赵占奎
由于合金...",,,1046463;,CDFDTEMP,论文,,,BBBD,10183
CDFD,,王珵,CDMDTMP,000003018442,,~#@机器学习@#~驱动的镁、铝合金熔体结构与动力学模拟研究及其对凝固行为的影响,0,2024-06-01,194,博士,1024465712.nh,True,尤江,,,31131231;,2024,,轻合金;金属熔体;短程有序结构;动力学,中国博士学位论文全文数据库,B022;I140,"吉林大学
材料科学与工程学院
博士
2024
TG146.2
~#@机器学习@#~驱动的镁、铝合金熔体结构与动力学模拟研究及其对凝固行为的影响
Machine Learning-driven Simulation Study of Structure and Dynamics in Magnesium and Aluminum Alloy Melts and Their Effects...",,,1046463;,CDFDTEMP,论文,,,BBBD,10183
CDFD,,高翔;郑成航;张霄,CDMDTMP,000054716598,,基于~#@机器学习@#~的多元金属氧化物基催化剂的高效开发与性能研究,0,2024-06-01,110,博士,1024558772.nh,True,董毅,,,09327157;10806892;31387300;,2024,,催化剂研发;机器学习;金属氧化物;甲醇合成,中国博士学位论文全文数据库,B016;I140,"浙江大学博士学位论文  1  绪论
1
1 绪论
1.1 研究背景
我国是全球最大的煤炭消费国。尽管近年来我国的能源消费结构在逐步优化，但
是以现有的技术及资源条件，以煤为主的能源消费模式在短期内仍难以改变[1]。如图
1.1 所示，2023 年我国能源消费总量达到 57.2 亿吨标准煤，其中煤炭消费占比达到
55.3%。能源领域是我国主要的二氧化碳（CO2）和大气污染物的排放来源，...",,,0157820;,CDFDTEMP,论文,,,BBBD,10335
CDFD,,李玉学,CDMDTMP,000007328410,,基于计算机视觉和~#@机器学习@#~的输电塔损伤识别方法研究,0,2024-06-01,48,博士,1024643948.nh,True,张楷,,,27329519;,2024,,输电塔;损伤识别;计算机视觉;位移采集,中国博士学位论文全文数据库,C042;I138;I140,"第一章   绪   论
-1-
第一章   绪   论
1.1  研究背景及意义
我国随着经济社会的快速发展，用电需求大幅度增加，与此同时电网建设
也大规模展开，输电线路长度不断增加。根据《中国电力行业可靠性年度发展
报告.  2021》中的统计数据，如图 1-1 所示，截止 2021 年，全国 220k V 电压等
级及以上输电线路总长度为 82.5 万千米，按照每千米线路的输电塔...",,,1694102;,CDFDTEMP,论文,,,CCCD,10107
CMFD,,朱红;周新,CDMDTMP,000048723203,,基于~#@机器学习@#~的地震灾害风险等级评估研究,0,2024-06-01,172,硕士,1024426865.nh,True,宋其淇,,,44674355;54564733;,2024,,地震灾害;风险等级评估;机器学习;堆叠模型,中国优秀硕士学位论文全文数据库,A011;A012;I140,"防灾科技学院
硕士
2024
P315
基于~#@机器学习@#~的地震灾害风险等级评估研究
Research on Earthquake Disaster Risk Assessment Based on Machine Learning
宋其淇
朱红；周新
资源与环境（专业学位）
地震动力学与地球探测技术
地震,这一具有极大破坏力的自然灾难,对人类生命与财产构成了严峻挑战。中...",,,0273488;,CMFDTEMP,论文,,,AAAM,11775
CMFD,,李培友,CDMDTMP,000063080878,,~#@机器学习@#~辅助非晶合金相组成及玻璃形成能力的研究,0,2024-06-01,62,硕士,1024423065.nh,True,王琳,,,35905820;,2024,,机器学习;非晶合金;相选择;非晶合金复合材料,中国优秀硕士学位论文全文数据库,B022;I140,"陕西理工大学
硕士
2024
TG146.2
~#@机器学习@#~辅助非晶合金相组成及玻璃形成能力的研究
Study on the Phase Composition and Glass-forming Ability of Amorphous Alloys Using Machine Learning Techniques
王琳
李培友
材料学
高强高韧材料开发与应用研究
近...",,,1699848;,CMFDTEMP,论文,,,BBBM,10720
CMFD,,唐波,CDMDTMP,000063269120,,~#@机器学习@#~估算光催化降解有机污染物反应速率常数的研究,0,2024-06-01,134,硕士,1024424112.nh,True,杨文杰,,,08385170;,2024,,机器学习;;光催化;;有机污染物;;反应速率常数,中国优秀硕士学位论文全文数据库,B014;B014;B027;I140,"山东师范大学
硕士
2024
TQ579
~#@机器学习@#~估算光催化降解有机污染物反应速率常数的研究
Study about Machine Learning for Estimating the Reaction Rate Constant of Photocatalytic Degradation of Organic Pollutants
杨文杰
唐波
化学工程与技术
...",,,0047921;,CMFDTEMP,论文,,,BBBM,10445
CMFD,,吴坚平;于浩然;陈青松,CDMDTMP,000055786184,,基于~#@机器学习@#~的氨酰-tRNA合成酶催化性能改造,0,2024-06-01,112,硕士,1024023105.nh,True,龙尚霖,,,09387136;53725189;10276802;,2024,,正交氨酰-tRNA合成酶;;机器学习;;酶工程;;非天然氨基酸,中国优秀硕士学位论文全文数据库,A006;B016;I140,"浙江大学
硕士
2024
Q819
基于~#@机器学习@#~的氨酰-tRNA合成酶催化性能改造
Machine-learning-guided Engineering of aminoacyl-tRNA Synthetase for Improved Catalytic Performance
龙尚霖
吴坚平；于浩然；陈青松
生物与医药（专业学位）
林建平
向蛋白质中引入非天然...",,,0157820;,CMFDTEMP,论文,,,AAAM,10335
CMFD,,高亮;李凯,CDMDTMP,000057847998,,基于~#@机器学习@#~的石墨烯/铜复合材料分子动力学研究,0,2024-06-01,171,硕士,1024484827.nh,True,毛彦东,,,34968292;23416033;,2024,,铜基复合材料;石墨烯;分子动力学;机器学习,中国优秀硕士学位论文全文数据库,B020,"长春工业大学
硕士
2024
TB333
基于~#@机器学习@#~的石墨烯/铜复合材料分子动力学研究
Molecular Dynamics Study of Graphene/Copper Composites Based on Machine Learning
毛彦东
高亮；李凯
工程硕士（专业学位）
石墨烯作为增强相可以显著提高铜基复合材料的强度、耐磨性和耐腐蚀性,在航空航天...",,,0014415;,CMFDTEMP,论文,,,BBBM,10190
CMFD,,郭增伟,CDMDTMP,000054872526,,~#@机器学习@#~辅助的锈蚀PC梁抗剪承载力预测方法,0,2024-06-01,52,硕士,1024510730.nh,True,孟令涛,,,29081634;,2024,,机器学习;;遗传编程;;锈蚀PC空心板梁;;抗剪承载力,中国优秀硕士学位论文全文数据库,C034,"重庆交通大学
硕士
2024
U441.5
~#@机器学习@#~辅助的锈蚀PC梁抗剪承载力预测方法
Machine Learning-assisted Prediction Method for Shear Capacity of Corroded PC Beams
孟令涛
郭增伟
桥梁与隧道工程
钢筋混凝土(RC)和预应力钢筋混凝土(PC)结构的抗剪能力是保障结构安全的关键因素...",,,0157274;,CMFDTEMP,论文,,,CCCM,10618
CMFD,,何小兵;彭毅,CDMDTMP,000059701072,,基于复合参数~#@机器学习@#~模型的路面抗滑性能研究,0,2024-06-01,36,硕士,1024510786.nh,True,张政奇,,,17433202;24154480;,2024,,路面抗滑;路面纹理;机器学习;图像降维,中国优秀硕士学位论文全文数据库,C034;I140,"重庆交通大学
硕士
2024
U416.2
基于复合参数~#@机器学习@#~模型的路面抗滑性能研究
Study on Road Surface Anti Slip Performance Based on Composite Parameter Machine Learning Model
张政奇
何小兵；彭毅
交通运输工程
路面抗滑性能直接影响着道路交通安全,良好的路面抗滑性能...",,,0157274;,CMFDTEMP,论文,,,CCCM,10618
CMFD,,孙玉红,CDMDTMP,000058803126,,基于同态加密的~#@机器学习@#~隐私保护算法研究,0,2024-06-01,90,硕士,1024039541.nh,True,张文丹,,,08837064;,2024,,机器学习;;部分同态加密;;隐私保护;;格式检查,中国优秀硕士学位论文全文数据库,I138;I140,"曲阜师范大学
计算机学院
硕士
2024
基于同态加密的~#@机器学习@#~隐私保护算法研究
张文丹
孙玉红
电子信息（专业学位）
近年来,~#@机器学习@#~与云计算的迅猛发展使得在云服务平台上执行大规模~#@机器学习@#~任务成为一种可行的解决方案。因为~#@机器学习@#~需要大量的数据信息进行训练,而云服务器提供了强大的计算服务能力,越来越多的用户开始选择使用基于云平台的~#...",,,0268351;,CMFDTEMP,论文,,,IIIM,10446
CMFD,,叶四桥,CDMDTMP,000063646361,,基于因子分析以及集成~#@机器学习@#~的岩质边坡稳定性预测模型,1,2024-06-01,91,硕士,1024511216.nh,True,简典,,,10670599;,2024,,机器学习;;集成模型;;边坡稳定性;;岩质边坡,中国优秀硕士学位论文全文数据库,C034;I140,"重庆交通大学
硕士
2024
U416
基于因子分析以及集成~#@机器学习@#~的岩质边坡稳定性预测模型
Prediction Model of Rock Slope Stability Based on Factor Analysis and Integrated Machine Learning
简典
叶四桥
市政工程（含给排水等）（专业学位）
截止2022年底,我国公路总里...",,,0157274;,CMFDTEMP,论文,,,CCCM,10618
CMFD,,刘超,CDMDTMP,000049885630,,~#@机器学习@#~驱动的盾构隧道施工地表沉降预测和控制研究,0,2024-06-01,64,硕士,1024520945.nh,True,王泽盼,,,23763710;,2024,,盾构隧道;机器学习;模型解释;沉降预测,中国优秀硕士学位论文全文数据库,A011;A011;C028;C034;I140,"广州大学
硕士
2024
~#@机器学习@#~驱动的盾构隧道施工地表沉降预测和控制研究
Research on Surface Settlement Prediction and Control in Shield Tunnel Construction Driven by Machine Learning
王泽盼
刘超
土木工程（专业学位）
隧道智能建造
盾构施工引起的地表沉降...",,,0138954;,CMFDTEMP,论文,,,AAAM,11078
CMFD,,王子仪,CDMDTMP,000047965680,,基于~#@机器学习@#~的混凝土损伤声发射定位研究,0,2024-06-01,82,硕士,1024511864.nh,True,邓嘉欣,,,40359632;,2024,,混凝土结构无损检测;声发射;损伤定位;机器学习,中国优秀硕士学位论文全文数据库,C038;I140,"重庆交通大学
硕士
2024
TU528
基于~#@机器学习@#~的混凝土损伤声发射定位研究
Research on Acoustic Emission Localization of Concrete Damage Based on Machine Learning
邓嘉欣
王子仪
材料与化工（专业学位）
声发射技术可对混凝土内部损伤进行实时监测与定位,并判断其破坏类型与损伤程...",,,0157274;,CMFDTEMP,论文,,,CCCM,10618
CMFD,,蔡林君,CDMDTMP,000064028971,,SERS结合~#@机器学习@#~筛查肺炎支原体感染的研究,0,2024-06-01,60,硕士,1024467197.nh,True,程巧梅,,,23141440;,2024,,表面增强拉曼光谱;;化学指纹图谱;;机器学习算法;;肺炎支原体,中国优秀硕士学位论文全文数据库,E061;E063;I140,"吉林大学
生命科学学院
硕士
2024
R392.11
SERS结合~#@机器学习@#~筛查肺炎支原体感染的研究
SERS Combined with Machine Learning for Screening of Mycoplasma Pneumoniae Infection
程巧梅
蔡林君
生物学
生物检测技术
肺炎支原体(Mycoplasma pneumoniae,...",,,1046463;,CMFDTEMP,论文,,,EEEM,10183
CMFD,,关辉国,CDMDTMP,000064412111,,制造业数字化转型驱动因素研究,0,2024-05-30,138,硕士,1024458211.nh,True,贾映彬,,,38530850;,2024,,企业数字化转型;;机器学习;;制造业;;上市公司,中国优秀硕士学位论文全文数据库,J150;J155,"兰州财经大学
硕士
2024
制造业数字化转型驱动因素研究
Research on Drivers of Digital Transformation in Manufacturing Enterprises
基于~#@机器学习@#~的证据
Evidence Based on Machine Learning
贾映彬
关辉国
工商管理 企业管理
公司治理
在数字化时代,制造业...",,,1699013;,CMFDTEMP,论文,,,JJJM,10741
CMFD,,何为凯;刘阳;陈纪旸,CDMDTMP,000064552460,,基于分子动力学模拟和~#@机器学习@#~的配体—靶标相互作用网络研究,0,2024-05-30,47,硕士,1024478125.nh,True,王逸雯,,,42504595;40433197;61722841;,2024,,机器学习;;分子动力学模拟;;主成分分析;;分子力学-广义波恩表面积,中国优秀硕士学位论文全文数据库,B016;I140,"山东交通学院
硕士
2024
TP399
基于分子动力学模拟和~#@机器学习@#~的配体—靶标相互作用网络研究
Ligand-target Interaction Network Research Based on Molecular Dynamics Simulations and Machine Learning
王逸雯
何为凯；刘阳；陈纪旸
机械（专业学位）
药物发现阶段本...",,,0041286;,CMFDTEMP,论文,,,BBBM,11510
CMFD,,阳庆元,CDMDTMP,000063850608,,MOF分离材料的高通量筛选与~#@机器学习@#~研究,0,2024-05-30,90,硕士,1024440356.nh,True,李文轩,,,11405731;,2024,,金属-有机骨架材料;气体分离;机器学习;分子模拟,中国优秀硕士学位论文全文数据库,B016;B020;C028;I140,"北京化工大学
硕士
2024
TQ013
MOF分离材料的高通量筛选与~#@机器学习@#~研究
High-throughput Screening and Machine Learning Research for MOF Separation Materials
李文轩
阳庆元
北京化工大学
化学工程与技术
~#@机器学习@#~
陈晓春
传统的热驱动技术在工业化学分离中需...",,,0211331;,CMFDTEMP,论文,,,BBBM,10010
CMFD,,刘大欢,CDMDTMP,000059979524,,~#@机器学习@#~辅助的温室气体分离材料筛选与设计,0,2024-05-30,40,硕士,1024440350.nh,True,文一如,,,21316316;,2024,,金属有机骨架材料;;机器学习;;分子模拟;;气体分离,中国优秀硕士学位论文全文数据库,B020;I140,"北京化工大学
硕士
2024
TQ013
~#@机器学习@#~辅助的温室气体分离材料筛选与设计
Machine Learning Assisted Screening and Design of Greenhouse Gas Separation Materials
文一如
刘大欢
北京化工大学
化学工程与技术
计算化学
陈晓春
温室气体的持续排放将进一步加剧全球变暖的危机...",,,0211331;,CMFDTEMP,论文,,,BBBM,10010
CMFD,,代建军,CDMDTMP,000050440252,,双流化床生物炭特性分析和VOCs吸附~#@机器学习@#~模型预测,0,2024-05-30,32,硕士,1024440379.nh,True,陈远祥,,,35703150;,2024,,双流化床;;生物炭;;挥发性有机物;;机器学习,中国优秀硕士学位论文全文数据库,B016;B027;I140,"北京化工大学
硕士
2024
X511
双流化床生物炭特性分析和VOCs吸附~#@机器学习@#~模型预测
Characterzation of Dual Fluidized Bed Biochar and Prediction of VOCs Adsorption Via Machine Learning Model
陈远祥
代建军
北京化工大学
化学工程与技术
固废处理及资源...",,,0211331;,CMFDTEMP,论文,,,BBBM,10010
CMFD,,高旭亮,CDMDTMP,000063660382,,基于~#@机器学习@#~的多级评分认知诊断个人拟合方法研究,0,2024-05-29,37,硕士,1024513937.nh,True,李宁,,,42889803;,2024,,机器学习;;认知诊断;;个人拟合统计量;;异常反应模式,中国优秀硕士学位论文全文数据库,F102,"贵州师范大学
硕士
2024
基于~#@机器学习@#~的多级评分认知诊断个人拟合方法研究
Person-fit for Cognitive Diagnostic Tests with Polytomous Items Based on Machine Learning
李宁
高旭亮
应用心理（专业学位）
心理统计与测量
认知诊断评估(Cognitive Diagnostic As...",,,0186961;,CMFDTEMP,论文,,,FFFM,10663
CMFD,,赵志杰,CDMDTMP,000063813189,,基于~#@机器学习@#~的视频点播平台客户细分与保留策略研究,0,2024-05-27,45,硕士,1024051654.nh,True,赵全盛,,,07015122;,2024,,视频点播平台;;RFM模型;;客户保留;;机器学习,中国优秀硕士学位论文全文数据库,H127;I138;I138;J157,"哈尔滨商业大学
硕士
2024
基于~#@机器学习@#~的视频点播平台客户细分与保留策略研究
Research on Customer Segmentation and Retention Strategy of VOD Platform Based on Machine Learning
赵全盛
赵志杰
哈尔滨商业大学
电子商务
先进的无线技术和智能移动设备使用户几乎可以从任何...",,,0083905;,CMFDTEMP,论文,,,HHHM,10240
CDFD,,朱书尚,CDMDTMP,000053016509,,基于~#@机器学习@#~的加密货币收益、风险溢出效应与投资组合研究,0,2024-05-26,548,博士,1024425626.nh,True,李星毅,,,32032042;,2024,,加密货币;收益率预测;波动率溢出效应;机器学习,中国博士学位论文全文数据库,I140;J155;J159,"中山大学
博士
2024
基于~#@机器学习@#~的加密货币收益、风险溢出效应与投资组合研究
Research on Cryptocurrency's Returns,Risk Spillover Effects,and Portfolios Based on Machine Learning
李星毅
朱书尚
金融学
作为数字资产的关键组成部分,加密货币为传统金融系统带来变革的同时...",,,0140250;,CDFDTEMP,论文,,,IIID,10558
CJFD,,,SCTC2406S1,000047424831;000060133825;000040689658,,可解释~#@机器学习@#~在电网调控领域中的应用,0,2024-05-25,301,期刊,DXXH202405001,True,庞传军;王珅;余建明;,,,,2024,,人工智能;机器学习;电网调度运行;可解释机器学习,电力信息与通信技术,C042;I140;,"0 引言
随着以新能源为主体的新型电力系统建设，电力系统的电源构成、网架结构、负荷特性比以往发生了重大变化，具有更强的不确定性、复杂性和非线性[1]。电力系统中很多问题难以建立精确的数学模型或者难以单纯用数学模型描述[2]。因此，近年来，以~#@机器学习@#~、深度~#@学习@#~等数据驱动方法为代表的新一代人工智能技术在电网调控领域得到广泛应用，取得了显著的成果。
[1]
[2]
目前，...",,05,0117596;0060625;1002534;,CJFDLAST2024,期刊,,,DXXH,
CJFD,,,MEDI2406S1,000048541661;000043071199;000024696461,,~#@机器学习@#~在心血管疾病中应用的研究进展,0,2024-05-25,503,期刊,ZYYY202410015,True,郑琰莉;苏文星;宋元涛;,,,,2024,,心血管疾病;;机器学习;;临床应用;;综述,中西医结合心脑血管病杂志,E062;I140;,随着人口老龄化进程加快，受居民不良生活方式的影响，心血管疾病发病率逐年增高。据统计，2020年，我国罹患心血管病人数约为3.3亿例，且农村地区心血管病死亡率高于城市[1]。临床对心血管疾病的诊断主要依赖医师对病人临床症状、既往病史及辅助检查的综合分析。医师的经验水平对诊疗效率带来一定的影响，且心血管疾病的诊断过程烦琐且价格昂贵[1]。~#@机器学习@#~因具有强大的分析与处理能力，在心血管疾病临床...,,10,1731820;1698842;,CJFDLAST2024,期刊,,,ZYYY,
CDFD,,朱书尚,CDMDTMP,000053016509,,基于~#@机器学习@#~的加密货币收益、风险溢出效应与投资组合研究,0,2024-05-26,548,博士,1024425626.nh,True,李星毅,,,32032042;,2024,,加密货币;收益率预测;波动率溢出效应;机器学习,中国博士学位论文全文数据库,I140;J155;J159,"中山大学
博士
2024
基于~#@机器学习@#~的加密货币收益、风险溢出效应与投资组合研究
Research on Cryptocurrency's Returns,Risk Spillover Effects,and Portfolios Based on Machine Learning
李星毅
朱书尚
金融学
作为数字资产的关键组成部分,加密货币为传统金融系统带来变革的同时...",,,0140250;,CDFDTEMP,论文,,,IIID,10558
CJFD,,,SCTC2406S1,000047424831;000060133825;000040689658,,可解释~#@机器学习@#~在电网调控领域中的应用,0,2024-05-25,301,期刊,DXXH202405001,True,庞传军;王珅;余建明;,,,,2024,,人工智能;机器学习;电网调度运行;可解释机器学习,电力信息与通信技术,C042;I140;,"0 引言
随着以新能源为主体的新型电力系统建设，电力系统的电源构成、网架结构、负荷特性比以往发生了重大变化，具有更强的不确定性、复杂性和非线性[1]。电力系统中很多问题难以建立精确的数学模型或者难以单纯用数学模型描述[2]。因此，近年来，以~#@机器学习@#~、深度~#@学习@#~等数据驱动方法为代表的新一代人工智能技术在电网调控领域得到广泛应用，取得了显著的成果。
[1]
[2]
目前，...",,05,0117596;0060625;1002534;,CJFDLAST2024,期刊,,,DXXH,
CJFD,,,MEDI2406S1,000048541661;000043071199;000024696461,,~#@机器学习@#~在心血管疾病中应用的研究进展,0,2024-05-25,503,期刊,ZYYY202410015,True,郑琰莉;苏文星;宋元涛;,,,,2024,,心血管疾病;;机器学习;;临床应用;;综述,中西医结合心脑血管病杂志,E062;I140;,随着人口老龄化进程加快，受居民不良生活方式的影响，心血管疾病发病率逐年增高。据统计，2020年，我国罹患心血管病人数约为3.3亿例，且农村地区心血管病死亡率高于城市[1]。临床对心血管疾病的诊断主要依赖医师对病人临床症状、既往病史及辅助检查的综合分析。医师的经验水平对诊疗效率带来一定的影响，且心血管疾病的诊断过程烦琐且价格昂贵[1]。~#@机器学习@#~因具有强大的分析与处理能力，在心血管疾病临床...,,10,1731820;1698842;,CJFDLAST2024,期刊,,,ZYYY,
CJFD,,,SOCI2407,000038325956;000045449880,,面向研究生的~#@机器学习@#~类课程实践改革研究,0,2024-05-25,101,期刊,KJDS202415020,True,敬超;郑荣华;,,,,2024,,机器学习;;人工智能;;研究生;;课程及专业建设,科教导刊,H131;I140;,"1人工智能课程的重要性
近年来，新一代信息技术如云计算、物联网技术、人机交互和移动互联网等相继涌现。大数据已深入人类生活的方方面面，因而产生了大量的数据信息，面对海量的数据信息，研究大数据最大的意义在于在对数据的分析和挖掘中，发现新的知识并创造新的价值，提升新能力，进而改善新的产品。数据的价值在于将信息转化为知识。如果不能深度加工数据，即使数据量再庞大，其所能呈现的价值依然是小的。因此，如何有效...",,15,1549785;0019441;,CJFDLAST2024,期刊,,,KJDS,
CJFD,,,SCTC2408SS,000062927959,,基于~#@机器学习@#~的汽车故障诊断技术研究,0,2024-05-25,14,期刊,QCZS202405034,True,蔡亮;,,,,2024,,机器学习;汽车故障诊断;数据驱动;智能化,汽车知识,C035;,"引言
随着汽车技术的不断进步，车辆的结构和控制系统变得越来越复杂，故障诊断的难度也相应增大。传统的故障诊断方法往往依赖于经验和技术人员的直觉，效率低下且出错率高。因此，研究基于~#@机器学习@#~的汽车故障诊断技术具有十分重要的现实意义和应用价值。
1 ~#@机器学习@#~技术与故障诊断技术
1.1 ~#@机器学习@#~技术概述
~#@机器学习@#~作为人工智能的一个重要分支，其目标在于让...",,05,1515069;,CJFDLASN2024,期刊,,,QCZS,
CMFD,,王柏利,CDMDTMP,000039800353,,~#@机器学习@#~在太极拳教学评价中的应用研究,0,2023-06-15,35,硕士,1024523206.nh,True,吴茵,,,10665356;,2023,,太极拳;;机器学习;;动作识别;;教学评价,中国优秀硕士学位论文全文数据库,H134;I140,"河南理工大学
河南理工大学
硕士
2023
G8
~#@机器学习@#~在太极拳教学评价中的应用研究
Research on the Application of Machine Learning in Taijiquan Teaching Evaluation
吴茵
王柏利
体育（专业学位）
体育教学
卢建辉
太极拳是中华武术的一个重要拳种,在2020年末成功入选人类非物质...",,,0026206;,CMFDTEMP,论文,,,HHHM,10460
CMFD,,李永,CDMDTMP,000058244108,,~#@机器学习@#~辅助定向进化HIS1酶的PP塑料降解方法,0,2024-04-15,48,硕士,1024048972.nh,True,陈文韬,,,42554423;,2024,,机器学习;;定向进化;;HIS1;;聚丙烯,中国优秀硕士学位论文全文数据库,B027,"中南林业科技大学
生命科学与技术学院
硕士
2024
~#@机器学习@#~辅助定向进化HIS1酶的PP塑料降解方法
Machine Learning Assisted Directed Evolution of HIS1 Enzyme for PP Plastic Degradation
陈文韬
李永
生物与医药（专业学位）
环境生物工程
由于聚丙烯(PP)塑料在工业、商业和农...",,,0129784;,CMFDTEMP,论文,,,BBBM,10538
CMFD,,杨容浩;孙振勇,CDMDTMP,000064075014,,面向区域滑坡易发性制图的~#@机器学习@#~方法集成研究,0,2022-04-22,8,硕士,1024538440.nh,True,魏槊友,,,10511889;62096080;,2022,,区域滑坡易发性制图;;机器学习;;集成学习;;卷积神经网络,中国优秀硕士学位论文全文数据库,A011;A011;C028;I140,"成都理工大学
硕士
2022
面向区域滑坡易发性制图的~#@机器学习@#~方法集成研究
Integration of Machine Learning Methods for Regional Landslide Susceptibility Mapping
魏槊友
杨容浩；孙振勇
测绘工程（专业学位）
滑坡作为我国发生最频繁的灾害之一,对国家的经济发展、社会和谐稳定和人民的生命财...",,,0021380;,CMFDTEMP,论文,,,AAAM,10616
CMFD,,孙玉红,CDMDTMP,000058803126,,基于同态加密的~#@机器学习@#~隐私保护算法研究,0,2024-06-01,90,硕士,1024039541.nh,True,张文丹,,,08837064;,2024,,机器学习;;部分同态加密;;隐私保护;;格式检查,中国优秀硕士学位论文全文数据库,I138;I140,"曲阜师范大学
计算机学院
硕士
2024
基于同态加密的~#@机器学习@#~隐私保护算法研究
张文丹
孙玉红
电子信息（专业学位）
近年来,~#@机器学习@#~与云计算的迅猛发展使得在云服务平台上执行大规模~#@机器学习@#~任务成为一种可行的解决方案。因为~#@机器学习@#~需要大量的数据信息进行训练,而云服务器提供了强大的计算服务能力,越来越多的用户开始选择使用基于云平台的~#...",,,0268351;,CMFDTEMP,论文,,,IIIM,10446
CMFD,,童飞,CDMDTMP,000049472345,,基于~#@机器学习@#~的家庭物联网入侵检测技术研究,0,2023-06-02,15,硕士,1024546910.nh,True,何峰,,,39867673;,2023,,设备流量画像;;实时入侵检测;;开集识别,中国优秀硕士学位论文全文数据库,I136;I139;I140,"第一章 绪论
1.1 研究背景和意义
随着物联网（Internet of Things, Io T）技术的飞速发展，接入互联网的物联网设备数
量持续增长，为人类的生活和工作带来了诸多便利。Io T Analytics 公司对全球物联网市
场进行了预测，如图1.1所示。预计到 2025 年，全球将有大约 270 亿台活跃的物联网设
备[1]。
State of Io T
4. Upda...",,,0220478;,CMFDTEMP,论文,,,IIIM,10286
CJFD,,,INFO2406,000035239295;000045953786;000022078374,,基于知识迁移贯通的~#@机器学习@#~课程教学改革,0,2024-05-10,188,期刊,JYJS202405011,True,李爽;韩锐;李轩涯;,,,,2024,,机器学习;知识迁移;OBE理念;学科融合,计算机教育,H131;I140;,"0 引言
~#@机器学习@#~是一门交叉学科，其涉及的领域包含概率论、数理统计学、最优化等。作为人工智能技术的重要组成部分，~#@机器学习@#~技术在图像识别、语音识别、推荐系统、自动驾驶等各行业都发挥了巨大作用。当前社会对~#@机器学习@#~人才的需求量越来越大，而高校作为人工智能人才的培养基地，则肩负起了推动我国人工智能高质量发展的重任，因此，近年来越来越多的国内高校开始重视~#@机器学习@...",,05,0188644;0647076;,CJFDLAST2024,期刊,,,JYJS,
CJFD,,,SCTA2406S1,000025622803;000062125538;000056068477,,~#@机器学习@#~在地球物理勘探中铀矿资源勘查的应用研究进展,1,2024-05-10,285,期刊,YKDZ202403017,True,韩世礼;肖健;柳位;,,,,2024,,机器学习;放射性勘探;地球物理测井;成矿预测,铀矿地质,A011;A012;B021;,2006年，Hinton[1]等提出的深度置信网络开启了人工智能的~#@机器学习@#~时代。此后，人工智能技术在各行业不断取得突破，如在自动驾驶、语音助手、语音识别和翻译、智能推荐、智能搜索和手写识别及医学等领域均取得了巨大进展。随着人工智能技术的快速发展，尤其是~#@机器学习@#~方法的广泛应用，极大地促进了智能化物探领域的发展。目前，~#@机器学习@#~AI技术广泛应用于物探领域，为地球物理学...,,03,1024394;,CJFDLAST2024,期刊,,,YKDZ,
CJFD,,,INFO2408S1,000062312662,,网络异常检测中~#@机器学习@#~的应用,0,2024-05-10,19,期刊,XXDL202409073,True,孙瑾;,,,,2024,,机器学习;;网络安全;;异常检测;;防御,信息与电脑(理论版),I139;I140;,"0 引言
本研究的意义在于深入探讨~#@机器学习@#~在网络安全中的作用，以提供有效应对网络威胁的解决方案。异常检测、入侵检测和恶意软件检测等领域的研究，能够展现~#@机器学习@#~技术在提高网络安全性能和防御能力方面的潜力。这将为构建更智能、更自适应的网络安全系统提供重要参考，以帮助保护个人信息，维护网络环境的稳定与安全。
1 异常检测概述
1.1 异常检测概述
在网络安全领域，异常检测...",,09,1572849;,CJFDLAST2024,期刊,,,XXDL,
CJFD,,,SCTC2405S2,000044199840,,基于~#@机器学习@#~的养老床位需求预测模型构建与验证,0,2024-05-05,288,期刊,JDWX202405020,True,江玉婷;,,,,2024,,机器学习;;养老床位;;需求预测模型,家电维修,G108;I140;,"0 引言
面对不断增长的人口老龄化课题，准确预测养老床位需求变得越来越重要。随着人口结构的变化，社会中老年人的比例越来越大，提供足够的护理设施来满足他们的需要变得越来越重要。这方面的规划和资源分配不足可能导致重大的社会和经济后果。以往，养老床位需求预测依赖于静态模型和简化的假设，这些模型和假设往往无法解释影响需求因素的复杂性和动态性。这些模型缺乏适应不断变化的环境的灵活性，如人口模式、健康状况和...",,05,1699515;,CJFDLAST2024,期刊,,,JDWX,
CDFD,,孙成林,CDMDTMP,000022606202,,真实世界中肝酶与2型糖尿病、糖尿病肾病的相关性分析及基于~#@机器学习@#~的2型糖尿病预测模型研究,0,2024-05-01,334,博士,1024469130.nh,True,毕亚茹,,,07680502;,2024,,肝酶;2型糖尿病;糖尿病肾病;机器学习,中国博士学位论文全文数据库,E065;E067,"吉林大学
吉林大学白求恩第一临床医学院
博士
2024
R587.1
真实世界中肝酶与2型糖尿病、糖尿病肾病的相关性分析及基于~#@机器学习@#~的2型糖尿病预测模型研究
A Real-world Study on the Association of Liver Enzymes with Type 2 Diabetes and Diabetic Kidney Disease and ...",,,1046463;,CDFDTEMP,论文,,,EEED,10183
CMFD,,朱红;周新,CDMDTMP,000048723203,,基于~#@机器学习@#~的地震灾害风险等级评估研究,0,2024-06-01,172,硕士,1024426865.nh,True,宋其淇,,,44674355;54564733;,2024,,地震灾害;风险等级评估;机器学习;堆叠模型,中国优秀硕士学位论文全文数据库,A011;A012;I140,"防灾科技学院
硕士
2024
P315
基于~#@机器学习@#~的地震灾害风险等级评估研究
Research on Earthquake Disaster Risk Assessment Based on Machine Learning
宋其淇
朱红；周新
资源与环境（专业学位）
地震动力学与地球探测技术
地震,这一具有极大破坏力的自然灾难,对人类生命与财产构成了严峻挑战。中...",,,0273488;,CMFDTEMP,论文,,,AAAM,11775
CMFD,,何忠平;蒲宗山,CDMDTMP,000063931576,,基于~#@机器学习@#~的Fe-C-Mn-Al钢显微组织识别研究,0,2024-05-01,76,硕士,1024432769.nh,True,司天宇,,,55305222;57947240;,2024,,轻质钢;机器学习;显微组织图像;特征提取,中国优秀硕士学位论文全文数据库,C035;I140,"成都大学
硕士
2024
基于~#@机器学习@#~的Fe-C-Mn-Al钢显微组织识别研究
Study on Microstructure Identification of Fe-C-Mn-Al Steel Based on Machine Learning
司天宇
何忠平；蒲宗山
材料与化工
在汽车制造业中,轻量化已成为全球汽车产业发展的趋势之一,因为它能显著降低能耗和减少污染...",,,0195904;,CMFDTEMP,论文,,,CCCM,11079
CMFD,,谈玲华,CDMDTMP,000056579371,,基于~#@机器学习@#~的CHNO类含能材料爆速及感度预测研究,0,2023-03-01,53,硕士,1024436633.nh,True,罗士保,,,08739978;,2023,,爆速;撞击感度;静电火花感度;机器学习,中国优秀硕士学位论文全文数据库,B017;I140,"南京理工大学
硕士
2023
基于~#@机器学习@#~的CHNO类含能材料爆速及感度预测研究
Study on Prediction of Detonation Velocity and Sensitivity of CHNO-Energetic Materials Based on Machine Learning
罗士保
谈玲华
材料与化工（专业学位）
含能材料性能预测研究
...",,,0077991;,CMFDTEMP,论文,,,BBBM,10288
CMFD,,孔烜,CDMDTMP,000003550360,,基于数值模拟和~#@机器学习@#~的非接触式车辆称重方法,0,2023-05-08,21,硕士,1024445835.nh,True,余甜甜,,,44231069;,2023,,车辆称重;轮胎荷载;轮胎参数;数值模拟,中国优秀硕士学位论文全文数据库,C034,"湖南大学
土木工程学院
硕士
2023
U44
基于数值模拟和~#@机器学习@#~的非接触式车辆称重方法
Non-contact Vehicle Weighing Method Based on Numerical Simulation and Machine Learning
余甜甜
孔烜
土木工程
车辆称重
黄远
随着我国交通运输业的迅速发展,运输车辆的数量和载重不断增...",,,0060047;,CMFDTEMP,论文,,,CCCM,10532
CMFD,,刘雪芹;魏大鹏,CDMDTMP,000063264768,,TiO_2光催化降解污染物的~#@机器学习@#~预测,0,2024-03-23,103,硕士,1024459413.nh,True,唐容,,,27134889;44607430;,2024,,降解污染物;TiO_2光催化;机器学习;XGBoost,中国优秀硕士学位论文全文数据库,B014;B014;B027,"重庆理工大学
理学院
硕士
2024
TiO_2光催化降解污染物的~#@机器学习@#~预测
Machine Learning Prediction of TiO_2 Photocatalytic Degradation of Pollutants
唐容
刘雪芹；魏大鹏
电子信息（专业学位）
光催化的~#@机器学习@#~预测
能源短缺和水资源污染成为全球关注的问题,光催化降解技术...",,,0046910;,CMFDTEMP,论文,,,BBBM,11660
CMFD,,程平,CDMDTMP,000048421088,,基于~#@机器学习@#~的上市公司财务状况质量评价研究,0,2024-03-20,156,硕士,1024458744.nh,True,邓湘煜,,,24788390;,2024,,财务状况质量评价;;企业画像;;机器学习,中国优秀硕士学位论文全文数据库,I138;J152;J152;J159;J160;J162,"重庆理工大学
硕士
2024
基于~#@机器学习@#~的上市公司财务状况质量评价研究
Research on Quality Evaluation of Financial Status of Listed Companies Based on Machine Learning
邓湘煜
程平
会计学
会计信息化
随着大数据、人工智能等新一代信息技术的发展,各行各业都在积极探索如何...",,,0046910;,CMFDTEMP,论文,,,IIIM,11660
CMFD,,陈希,CDMDTMP,000063473395,,基于~#@机器学习@#~的慢性病患者再入院风险预测研究,0,2023-06-01,55,硕士,1024464259.nh,True,吴泽源,,,24800300;,2023,,再入院预测;机器学习;随机森林;卷积神经网络,中国优秀硕士学位论文全文数据库,E080;I140,"西安电子科技大学
硕士
2023
C931
基于~#@机器学习@#~的慢性病患者再入院风险预测研究
A Study on Predicting the Risk of Readmission among Chronic Disease Patients Based on Machine Learning
吴泽源
陈希
管理科学与工程
近年来,随着经济的发展和社会的进步,人口老龄化...",,,0008505;,CMFDTEMP,论文,,,EEEM,10701
CMFD,,刘瑾,CDMDTMP,000063656127,,《~#@机器学习@#~在生物科学应用中的最新进展与未来展望》（节选）的汉译及翻译实践报告,0,2024-05-20,51,硕士,1024513768.nh,True,杨培培,,,06966693;,2024,,机器学习;;生态翻译;;三维转换;;翻译方法,中国优秀硕士学位论文全文数据库,F085,"贵州师范大学
硕士
2024
《~#@机器学习@#~在生物科学应用中的最新进展与未来展望》（节选）的汉译及翻译实践报告
The English-Chinese Translation of Machine Learning in Biological Sciences:Updates and Future Prospects (Excerpts) and a Report on the T...",,,0186961;,CMFDTEMP,论文,,,FFFM,10663
CMFD,,吴玖荣,CDMDTMP,000063743960,,基于CFD及~#@机器学习@#~的高层建筑气动荷载时程预测研究,0,2024-05-01,88,硕士,1024520943.nh,True,王坤,,,22219887;,2024,,高层建筑;CFD数值仿真;机器学习算法;优化算法,中国优秀硕士学位论文全文数据库,C038,"广州大学
硕士
2024
基于CFD及~#@机器学习@#~的高层建筑气动荷载时程预测研究
Numerical Prediction on Time Series of Aerodynamic Loading of Tall Building by CFD and Machine Learning Algorithm
王坤
吴玖荣
土木工程（专业学位）
结构抗风
近年来,随着我国经...",,,0138954;,CMFDTEMP,论文,,,CCCM,11078
CMFD,,高旭亮,CDMDTMP,000063660382,,基于~#@机器学习@#~的多级评分认知诊断个人拟合方法研究,0,2024-05-29,37,硕士,1024513937.nh,True,李宁,,,42889803;,2024,,机器学习;;认知诊断;;个人拟合统计量;;异常反应模式,中国优秀硕士学位论文全文数据库,F102,"贵州师范大学
硕士
2024
基于~#@机器学习@#~的多级评分认知诊断个人拟合方法研究
Person-fit for Cognitive Diagnostic Tests with Polytomous Items Based on Machine Learning
李宁
高旭亮
应用心理（专业学位）
心理统计与测量
认知诊断评估(Cognitive Diagnostic As...",,,0186961;,CMFDTEMP,论文,,,FFFM,10663
CMFD,,刘超,CDMDTMP,000049885630,,~#@机器学习@#~驱动的盾构隧道施工地表沉降预测和控制研究,0,2024-06-01,64,硕士,1024520945.nh,True,王泽盼,,,23763710;,2024,,盾构隧道;机器学习;模型解释;沉降预测,中国优秀硕士学位论文全文数据库,A011;A011;C028;C034;I140,"广州大学
硕士
2024
~#@机器学习@#~驱动的盾构隧道施工地表沉降预测和控制研究
Research on Surface Settlement Prediction and Control in Shield Tunnel Construction Driven by Machine Learning
王泽盼
刘超
土木工程（专业学位）
隧道智能建造
盾构施工引起的地表沉降...",,,0138954;,CMFDTEMP,论文,,,AAAM,11078
CMFD,,叶小飞,CDMDTMP,000000920958,,基于~#@机器学习@#~的自发呈报系统中药品不良反应信号检测研究,0,2024-05-01,71,硕士,1024027210.nh,True,陈枭,,,#;,2024,,药品不良反应;信号检测;自发呈报系统;不相称方法,中国优秀硕士学位论文全文数据库,E079,"中国人民解放军海军军医大学
硕士
2024
基于~#@机器学习@#~的自发呈报系统中药品不良反应信号检测研究
Signal Detection of Adverse Drug Reaction in Spontaneous Reporting System Based on Machine Learning
陈枭
叶小飞
卫生统计学教研室
公共卫生（专业学位）
一、研究背景
药...",,,1701967;,CMFDTEMP,论文,,,EEEM,91020
CMFD,,张恒汝,CDMDTMP,000063972244,,基于~#@机器学习@#~的互联网小额信贷授信风险问题研究,0,2022-10-01,6,硕士,1024022174.nh,True,陈俊安,,,28662367;,2022,,机器学习;;小额信贷;;风控模型;;信用评分卡,中国优秀硕士学位论文全文数据库,I140;J157;J159;J162,"西南石油大学
硕士
2022
C93
基于~#@机器学习@#~的互联网小额信贷授信风险问题研究
陈俊安
张恒汝
工程管理硕士（专业学位）
风险管理
近年来,互联网金融业务在国内逐渐兴起,为了能够更好地服务于客户,商业银行信贷业务也不例外地朝着互联网方向大力发展,形成新的互联网信贷行业领域。在这样的趋势下,互联网信贷的风险也随之产生,信贷风险管理是该领域主要的研究内容之一。本文的研...",,,0184187;,CMFDTEMP,论文,,,IIIM,10615
CMFD,,王平;宋雨夏,CDMDTMP,000063971066,,基于~#@机器学习@#~的水体重金属污染预测与健康风险评价,0,2024-05-01,118,硕士,1024048983.nh,True,冯良杰,,,10569812;44582139;,2024,,重金属;预测模型;机器学习;健康风险,中国优秀硕士学位论文全文数据库,B027;B027,"中南林业科技大学
生命与环境科学学院
硕士
2024
基于~#@机器学习@#~的水体重金属污染预测与健康风险评价
Machine Learning-Based Prediction of Heavy Metal Pollution in Water Bodies and Health Risk Assessment
冯良杰
王平；宋雨夏
环境工程（专业学位）
环境规划与评价
在...",,,0129784;,CMFDTEMP,论文,,,BBBM,10538
CMFD,,赵志杰,CDMDTMP,000063813189,,基于~#@机器学习@#~的视频点播平台客户细分与保留策略研究,0,2024-05-27,45,硕士,1024051654.nh,True,赵全盛,,,07015122;,2024,,视频点播平台;;RFM模型;;客户保留;;机器学习,中国优秀硕士学位论文全文数据库,H127;I138;I138;J157,"哈尔滨商业大学
硕士
2024
基于~#@机器学习@#~的视频点播平台客户细分与保留策略研究
Research on Customer Segmentation and Retention Strategy of VOD Platform Based on Machine Learning
赵全盛
赵志杰
哈尔滨商业大学
电子商务
先进的无线技术和智能移动设备使用户几乎可以从任何...",,,0083905;,CMFDTEMP,论文,,,HHHM,10240
CMFD,,姬亚锋,CDMDTMP,000060682119,,基于~#@机器学习@#~的304不锈钢组织性能预报,0,2024-05-01,61,硕士,1024543095.nh,True,樊鹏飞,,,34301440;,2024,,不锈钢;机器学习;组织性能预测;晶体塑形有限元,中国优秀硕士学位论文全文数据库,B022;I140,"太原科技大学
机械工程学院
硕士
2024
TG335
基于~#@机器学习@#~的304不锈钢组织性能预报
Prediction of Microstructure and Properties of 304 Stainless Steel Based on Machine Learning
樊鹏飞
姬亚锋
机械（专业学位）
南伟杰
随着工业化和城市化进程的加速,以及人们对于...",,,0267230;,CMFDTEMP,论文,,,BBBM,10109
CMFD,,乔智威;王海涛,CDMDTMP,000051210537,,铁基合金耐蚀性能的研究,0,2024-05-01,22,硕士,1024520336.nh,True,陈尤,,,40222460;62095973;,2024,,铁基合金;;腐蚀;;密度泛函理论;;机器学习,中国优秀硕士学位论文全文数据库,B022,"广州大学
硕士
2024
铁基合金耐蚀性能的研究
Research on the Corrosion Resistance of Ferrous Alloys
密度泛函理论计算与~#@机器学习@#~相结合的探索
An Exploration Combining Density Functional Theory Calculations and Machine Learning
陈尤...",,,0138954;,CMFDTEMP,论文,,,BBBM,11078
CMFD,,吴京,CDMDTMP,000048285150,,基于~#@机器学习@#~的预应力混凝土梁裂缝宽度控制方法研究,0,2023-05-24,17,硕士,1024544831.nh,True,柳东森,,,06619596;,2023,,机器学习;预应力混凝土梁;裂缝宽度;模型解释,中国优秀硕士学位论文全文数据库,C038,"第一章  绪论
1
第一章  绪论
1.1  研究背景及意义
预应力混凝土是指通过预先施加张拉力（即预应力）的方法，在混凝土中产生压应
力来抵消全部或者部分外荷载产生的应力，降低混凝土承受的拉应力，因此构件在使用
荷载作用下能够不开裂、推迟开裂、或者减小裂缝开展的宽度[1]。与普通混凝土相比，
预应力混凝土主要有以下三点优势。第一，节约工程材料，经济性好。对于大跨度、重
荷载、裂缝...",,,0220478;,CMFDTEMP,论文,,,CCCM,10286
CMFD,,凌士勤;杨光星,CDMDTMP,000060949028,,基于~#@机器学习@#~的可转债多因子量化策略设计,0,2023-06-01,8,硕士,1023609219.nh,True,邓小洪,,,10528279;60430975;,2023,,可转债;;多因子;;量化投资;;机器学习,中国优秀硕士学位论文全文数据库,I140;J159;J160;J162,"中南财经政法大学
硕士
2023
基于~#@机器学习@#~的可转债多因子量化策略设计
Design of Multi-factor Quantitative Strategy for Convertible Bonds Based on Machine Learning
邓小洪
凌士勤；杨光星
金融（专业学位）
量化投资
作为我国资本市场重要组成部分和中小企业重要融资手段的可转债...",,,0153671;,CMFDTEMP,论文,,,IIIM,10520
CMFD,,唐攀,CDMDTMP,000064093082,,基于可解释~#@机器学习@#~的公司债券违约预测研究,0,2023-05-25,28,硕士,1024545518.nh,True,唐欣,,,31419226;,2023,,公司债违约;;违约影响因素;;机器学习模型;;可解释机器学习模型,中国优秀硕士学位论文全文数据库,I140;J152;J159;J160;J162,"东南大学
硕士
2023
F832.5
基于可解释~#@机器学习@#~的公司债券违约预测研究
Corporate Bond Default Prediction Based on Explainable Machine Learning
唐欣
唐攀
金融学
金融工程
尹威
近年来,习近平总书记多次强调金融业向实体经济输血的重要性;2021年表决通过的“十四五”规划中也明确提出...",,,0220478;,CMFDTEMP,论文,,,IIIM,10286
CMFD,,陈益凯,CDMDTMP,000041859076,,基于~#@机器学习@#~的阵列天线高效综合技术研究,0,2024-04-01,23,硕士,1024574938.nh,True,李秋梅,,,24113986;,2024,,非均匀阵列综合;;机器学习;;互耦效应;;等效小阵列,中国优秀硕士学位论文全文数据库,I136;I140,"第一章  绪论
1
第一章 绪论
1.1 研究背景与意义
天线是无线电系统的眼睛和耳朵，能有效地辐射和接收携带信息的波，因此被
广泛应用于通信、成像、导航、雷达和遥感等各个领域[1]。随着科技的进步，人们
对系统中天线的性能要求越来越高，例如需要产生特定形状的波束或者在某些方
向上增强辐射能量并在其他方向上抑制辐射能量等等。单一天线往往难以满足复
杂的应用需求，为此，需要将天线单元...",,,0178313;,CMFDTEMP,论文,,,IIIM,10614
CMFD,,林熹,CDMDTMP,000064578113,,~#@机器学习@#~和深度~#@学习@#~在热电材料热电优值预测中的应用,0,2023-01-01,7,硕士,1024582070.nh,True,李翼,,,45751363;,2023,,热电材料;;机器学习;;特征工程;;热电优值,中国优秀硕士学位论文全文数据库,B020;I140,"哈尔滨工业大学硕士学位论文
- 1 -
第 1 章 绪 论
1.1 课题研究背景
在现今这个工业化时代，由于传统能源的日益紧缺和技术限制造成的能源浪
费，如何高效地利用能源并开发新能源是人类亟待解决的问题。在使用化石能源、
电能和太阳能时会产生余热[1]，对余热的回收利用有利于环境保护和缓解能源短
缺[2]。热电材料制成的设备可以通过塞贝克效应和帕尔贴效应将废热转化为电能，
以保护...",,,0149444;,CMFDTEMP,论文,,,BBBM,10213
CJFD,,,AGRI2405,000061608119;000039704537;000029320589;000036715763;000006265373;000052729831;000050586897;000061608120;000037835536,,多源遥感数据与~#@机器学习@#~算法的沼泽湿地信息提取,0,2024-04-28,691,期刊,LKGL202402003,True,李濡旭;武海涛;姜明;邹元春;秦树林;徐琛;王丹;田恩朋;薛振山;,,,,2024,,多源遥感数据;机器学习;随机森林;GEE,湿地科学与管理,A008;B027;I140;,"遥感技术具有观测范围广、时间分辨率高、信息量大等特点，在湿地资源调查中得到广泛应用（Abdelmajeed et al.,2023）。其中，雷达数据能够监测湿地区域内水文要素的相关信息，多光谱数据则提供植被覆盖和群落类型的相关信息，在湿地和植被带信息的识别和区分方面发挥了一定的作用（Fan et al.,2023）。Sentinel-1合成孔径雷达（SAR）数据具有显著的优势，不受天气状况的影响，...",,02,0124529;1698842;0793117;1699299;,CJFDLAST2024,期刊,,,LKGL,
CJFD,,,MEDI2406S1,000062272690;000001070189;000006842478,,~#@机器学习@#~在因果推断中的应用,0,2024-04-25,574,期刊,ZGWT202402036,True,王星;吴亚飞;方亚;,,,,2024,,机器学习;;因果推断;;因果模型,中国卫生统计,E080;I140;,~#@机器学习@#~具有强大的模型外线性和非线性预测能力， 其侧重于关联， 在疾病风险预测、 诊断和预后等方面得到广泛应用[1]。因果推断具有良好的推理能力和可解释性， 侧重于因果关系。~#@机器学习@#~和因果推断在早期并无太大联系， 甚至在某些情况下， 二者存在矛盾。进入大数据时代后， 由于传统的因果推断方法侧重于二维变量， 如果直接应用于高维数据， 有可能会影响因果推断的准确性， 甚至无法运...,,02,0125037;,CJFDLAST2024,期刊,,,ZGWT,
CJFD,,,SCTC2405S1,000042949381,,基于~#@机器学习@#~的工业控制网络安全态势感知技术研究,1,2024-04-25,375,期刊,LTCL202402018,True,闫驰;,,,,2024,,工业控制网络;;安全态势感知;;机器学习,流体测量与控制,I139;I140;,"1 前言
工业控制网络是指用于控制和监测生产过程的网络系统，在现代工业生产中起着至关重要的作用[1]。然而，由于其特殊的应用环境和网络结构，工业控制网络的安全问题一直是一个难题[2]。为了保障工业控制网络的安全，需要建立一套完整的安全态势感知体系。
[1]
[2]
2 ~#@机器学习@#~技术
~#@机器学习@#~是人工智能的分支领域，它研究如何使计算机能够从数据中~#@学习@#~和提取...",,02,2232421;,CJFDLAST2024,期刊,,,LTCL,
CJFD,,,SCTC2405S2,000039582292;000064098820;000001185410,,可信~#@机器学习@#~综述,1,2024-04-15,307,期刊,GDJX202402014,True,陈彩华;佘程熙;王庆阳;,,,,2024,,可信机器学习;公平性;可解释性;鲁棒性,工业工程,I140;,####~#@机器学习@#~是人工智能领域的一个重要分支，是对通过~#@学习@#~经验数据提高计算机系统或算法性能以适应各种环境和任务的研究[1]。该方法作为当今发展速度最快的技术之一，受到了学界和业界的广泛关注与认可，在各行各业都得到了广泛的应用[2]，在图像识别、自然语言处理、数据挖掘与预测等关键任务上都展现出了超越人类的能力[3]。随着~#@机器学习@#~在大众生活中的不断渗入与广泛应用，人...,,02,0069758;,CJFDLAST2024,期刊,,,GDJX,
CMFD,,党淑娥;陈娟,CDMDTMP,000064132980,,~#@机器学习@#~联合遗传算法策略下的高性能Cu-Ni-Co-Si合金设计,0,2024-04-10,33,硕士,1024542709.nh,True,张英凡,,,05980043;14201798;,2024,,Cu-Ni-Co-Si;机器学习;遗传算法;冷轧变形,中国优秀硕士学位论文全文数据库,B022;I140,"太原科技大学
材料科学与工程学院
硕士
2024
TG146.11;TP181
~#@机器学习@#~联合遗传算法策略下的高性能Cu-Ni-Co-Si合金设计
Design of High-performance Cu-Ni-Co-Si Alloy with Machine Learning Joint Genetic Algorithm Strategy
张英凡
党淑娥；陈娟
材...",,,0267230;,CMFDTEMP,论文,,,BBBM,10109
CMFD,,孙罡,CDMDTMP,000040205655,,面向分布式~#@机器学习@#~的高性能传输技术研究,0,2024-04-09,6,硕士,1024576861.nh,True,武浩,,,28814421;,2024,,分布式机器学习;模型训练;梯度传输;多路径,中国优秀硕士学位论文全文数据库,I136;I140,"第一章 绪论
第一章 绪 论
1.1 研究工作的背景及意义
在步入全新的数字经济时代，伴随着 6G 通信技术的破晓、云计算的广泛普
及、区块链技术的不断创新、数字孪生技术的兴起，以及人工智能、物联网、物
理计算、云计算等领域的迅猛发展，人类社会正以前所未有的速度拥抱科技与经
济、社会的深度融合。作为驱动人工智能发展的关键技术引擎，~#@机器学习@#~与深度
~#@学习@#~正经历一场...",,,0178313;,CMFDTEMP,论文,,,IIIM,10614
CJFD,,,SCTA2405,000061129366;000061129363;000061129364;000020303648;000036900329;000006522282;000025726763;000039885579,,~#@机器学习@#~方法在植物基因组信息预测中的研究现状,0,2024-04-08 12:22,593,期刊,SMKX202403015,True,张兆旭;管思彤;林一鸣;苏培森;黄思罗;孟宪勇;柳平增;颜君;,,,,2024,,机器学习;植物基因组预测;蛋白质相互作用;分子位点预测,生命科学,A006;,"随着高通量测序技术(high-throughput sequencing)的快速发展、测序数据量的迅猛增长，基因组学研究已进入到大数据时代和后基因组时代[1]。如何从这些海量的测序数据中提炼出有用信息已成为一项巨大的挑战。~#@机器学习@#~(machine learning,ML)通过训练数据集获得~#@学习@#~能力[2]，能够轻松处理高维数据，可在测序数据中寻找众多的功能元件序列，如转录起始...",,03,0260566;0160238;0045381;,CJFDLAST2024,期刊,,,SMKX,
CJFD,,,SOCI2405,000028580217;000025668939;000025737085,,智慧水利“教学+科创+竞赛”协同体系构建——以智慧水利“人工智能与~#@机器学习@#~”课程建设为例,0,2024-04-08,493,期刊,HLLJ202404025,True,刘泽;张智韬;许景辉;,,,,2024,,智慧水利;课程体系;教学改革;大学生科创,黑龙江教育(高教研究与评估),H131;I140;,为了加快智慧水利建设，推动新阶段水利高质量发展，2021年10月，水利部制定了《关于大力推进智慧水利建设的指导意见》《智慧水利建设顶层设计》及《十四五智慧水利建设规划》，确定了建设数字孪生流域，实现具有预报、预警、预演、预案功能的智慧水利体系[1]。鉴于智慧水利在促进水资源优化配置、水利工程智能建造及水灾害防治等方面表现出的独特优势，目前智慧水利已成为全国各大水利部门的研发热点，但是智慧水利复合型...,,04,0088638;,CJFDLAST2024,期刊,,,HLLJ,
CMFD,,赵延文,CDMDTMP,000064518996,,基于~#@机器学习@#~的天线优化与设计研究,0,2024-04-03,36,硕士,1024574920.nh,True,纪麟,,,06549389;,2024,,天线优化;高斯过程回归;支持向量机;k近邻回归,中国优秀硕士学位论文全文数据库,I136;I140,"第一章  绪  论
1
第一章 绪  论
随着现代无线通信技术的发展，人们对于电磁波的传输机制和频谱分配有着
更为精细的划分。天线作为发射与接收电磁信号的载体，也随之面临着多元化的设
计要求，其结构与应用环境日趋复杂[1]。在天线设计优化中，工程师们需要不断调
试天线来满足不同的应用需求，这常常需要大量的时间与计算资源[2]。利用优化算
法辅助天线快速优化与设计具有重要的研究价值和意...",,,0178313;,CMFDTEMP,论文,,,IIIM,10614
CJFD,,,SOCI2406S1,000045910890,,基于OBE和德育教育的~#@机器学习@#~课程探索与实践,0,2024-04-01,41,期刊,JMNT202404014,True,张俊丽;,,,,2024,,机器学习;;OBE教学理念;;德育教育,中国多媒体与网络教学学报(上旬刊),H131;I140;,"引言
~#@机器学习@#~作为人工智能领域的一个关键分支，已经成为推动技术革新和产业变革的重要力量。在大数据技术的推动下，~#@机器学习@#~算法和模型处理大规模数据集的能力得到了显著提升，这从推荐系统到自动驾驶汽车，从语音识别到图像处理，~#@机器学习@#~都扮演着核心角色。预计在未来十年，掌握~#@机器学习@#~的基础理论和方法将成为大多数工程技术人员必备的技能。开设~#@机器学习@#~课程...",,04,0231300;,CJFDLAST2024,期刊,,,JMNT,
CDFD,,孙友谊,CDMDTMP,000017090423,,基于~#@机器学习@#~的电化学储能器件电极性能预测,0,2024-04-01,85,博士,1024593889.nh,True,惠周利,,,10662808;,2024,,锂离子电池;;超级电容器;;机器学习;;可解释性,中国博士学位论文全文数据库,C042;C042;I140,"中北大学学术学位博士学位论文
1
1  绪论
1.1  电化学储能基本概念
随着世界人口的不断增长、工业规模的持续扩大以及便携式设备的广泛使用，
能源需求越来越大。由于石油、煤炭等传统不可再生能源在使用后无法及时补充，
且使用过程中污染环境，释放大量二氧化碳，导致温室效应，影响人类生存。当今
科技发展的重点和最大挑战是如何促进传统石油和煤炭能源向可持续再生能源（风
能、水电、核能、...",,,0036109;,CDFDTEMP,论文,,,CCCD,10110
CMFD,,陈慧琴,CDMDTMP,000064073024,,基于~#@机器学习@#~的Cu-Ni-Co-Si合金带材形变热处理组织性能预测,0,2024-04-01,37,硕士,1024543176.nh,True,闫碧霄,,,09917834;,2024,,Cu-Ni-Co-Si合金;固溶时效;冷变形;组织性能,中国优秀硕士学位论文全文数据库,B022;I140,"太原科技大学
材料科学与工程学院
硕士
2024
TG166.2
基于~#@机器学习@#~的Cu-Ni-Co-Si合金带材形变热处理组织性能预测
Prediction of Microstructures and Properties of Cu-Ni-Co-Si Alloy Strip after Deformation and Heat Treatments Based on Ma...",,,0267230;,CMFDTEMP,论文,,,BBBM,10109
CMFD,,陈益凯,CDMDTMP,000041859076,,基于~#@机器学习@#~的阵列天线高效综合技术研究,0,2024-04-01,23,硕士,1024574938.nh,True,李秋梅,,,24113986;,2024,,非均匀阵列综合;;机器学习;;互耦效应;;等效小阵列,中国优秀硕士学位论文全文数据库,I136;I140,"第一章  绪论
1
第一章 绪论
1.1 研究背景与意义
天线是无线电系统的眼睛和耳朵，能有效地辐射和接收携带信息的波，因此被
广泛应用于通信、成像、导航、雷达和遥感等各个领域[1]。随着科技的进步，人们
对系统中天线的性能要求越来越高，例如需要产生特定形状的波束或者在某些方
向上增强辐射能量并在其他方向上抑制辐射能量等等。单一天线往往难以满足复
杂的应用需求，为此，需要将天线单元...",,,0178313;,CMFDTEMP,论文,,,IIIM,10614
CMFD,,郑泽忠,CDMDTMP,000054372836,,基于~#@机器学习@#~的三相变压器绕组短路和几何变形故障下状态预测研究,0,2024-04-01,23,硕士,1024577827.nh,True,胡金赤,,,26792722;,2024,,故障分类;磁通预测;绕组短路;几何变形,中国优秀硕士学位论文全文数据库,C042;I140,"第一章 绪论
1
第一章 绪论
1.1 研究意义
随着以新能源为主体的新型电力系统的不断发展和先进数字技术与电力系统
的深度融合[1]，促使智能化电力电子系统接入电网，为电力系统的演进和传播模
式带来了巨大的变革，数字技术的价值在电网得以充分运用和释放，以数据为关
键要素的数字电网成为了智能电网建设发展的一种新思路，新思想和新理念[2]。
相应地，数字电网需要对面临海量信息流交互、...",,,0178313;,CMFDTEMP,论文,,,CCCM,10614
CMFD,,孙艳娟,CDMDTMP,000064530936,,基于~#@机器学习@#~的光催化去除NO性能预测及模型可解释性研究,0,2024-03-31,28,硕士,1024576587.nh,True,李静,,,44083746;,2024,,机器学习;石墨相氮化碳;铋系材料;光催化,中国优秀硕士学位论文全文数据库,B014;B027,"第一章  绪论
1
第一章 绪论
1.1 研究背景及意义
良好的大气环境是确保人类健康和社会发展的先决条件。然而，当今全球许多
地区依然存在高于世界卫生组织（WHO）空气质量指导值的细颗粒物（PM2.5）浓
度以及不断增加的臭氧（O3）污染[1, 2]。这种污染状况会导致呼吸系统健康产生不
良影响，并对许多地区的农作物生长造成破坏[3]。作为形成 PM2.5 和 O3 的关键前驱
...",,,0178313;,CMFDTEMP,论文,,,BBBM,10614
CJFD,,,INFO2405,000061154694;000005003422,,~#@机器学习@#~在帕金森病诊断中的应用研究,1,2024-03-30,669,期刊,DKDX202402020,True,李西;姜孟;,,,,2024,,帕金森病;;机器学习;;人工智能;;诊断,电子科技大学学报,E070;I140;,"帕金森病（Parkinson’s Disease,PD）是继阿尔茨海默病（Alzheimer’s Disease,AD）之后的第二大常见的神经退行性疾病，平均发病年龄为60岁左右。PD影响着全世界700～1 000万人[1]，中国每年新增超过10万患者，近年来还呈现年轻化的发病趋势。到2030年，中国PD患者可能将占世界PD患者总人数的一半[2]。PD与位于人脑丘脑区的黑质损坏相关，黑质神经元不可...",,02,0794798;1698499;,CJFDLAST2024,期刊,,,DKDX,
CJFD,,,MEDI2406S1,000023477505;000046403812;000040123303;000005526395;000021854363,,~#@机器学习@#~在婴幼儿孤独症谱系障碍早期筛查中的应用进展,0,2024-03-30,93,期刊,BIOM202402012,True,朱宏锐;张华;任珊;梅媛;肖归;,,,,2024,,孤独症谱系障碍;;机器学习;;早期筛查;;婴幼儿,教育生物学杂志,E069;E071;,"孤独症谱系障碍（autism spectrum disorder,ASD）是一组以社交障碍及重复刻板的兴趣和行为为核心症状的神经发育性疾病[1]。ASD起病于发育早期，在出生后6～18个月时即可显现相应症状[2]。近年来，ASD的患病率不断攀升，已成为儿童期最常见的神经发育障碍之一[3]，并且在世界范围内呈现无地区差异性的流行趋势[4]。美国疾病预防控制中心2021年的数据显示，ASD在8岁儿童中...",,02,0204762;,CJFDLAST2024,期刊,,,BIOM,
CDFD,,虞红芳,CDMDTMP,000024043052,,面向跨数据中心~#@机器学习@#~的高性能训练系统及性能优化技术,0,2024-03-26,34,博士,1024573953.nh,True,李宗航,,,06572128;,2024,,地理分布式机器学习;通信架构设计;通信调度优化;系统异质性优化,中国博士学位论文全文数据库,I137;I140,"第一章 绪论
第一章 绪 论
1.1 研究背景及意义
尽管分布式~#@机器学习@#~在单个智算中心内已经取得巨大成功，但出于用户服务
延迟和数据监管要求的考虑，企业常在世界各地建设数据中心。这些数据中心就
近服务用户，就近存储用户数据，所以训练数据天然是地理分散的。另一方面，
近期的研究对智算集群中 GPU 的使用情况进行了统计，发现仅有 55% 至 80% 的
GPU 得到了利用 ...",,,0178313;,CDFDTEMP,论文,,,IIID,10614
CDFD,,李洪伟,CDMDTMP,000004185988,,~#@机器学习@#~场景下的数据安全与隐私保护技术研究,0,2024-03-25,99,博士,1024574203.nh,True,刘小源,,,06540886;,2024,,机器学习;;分布式框架;;特征提取;;隐私保护技术,中国博士学位论文全文数据库,I138;I140,"第一章 绪论
第一章 绪 论
1.1 研究工作的背景与意义
从 Alpha Go[1]的突破到 Chat GPT[2–5]的发展，人工智能作为新一轮科技革命和
产业变革的先锋，正在从根本上改变人们处理和分析数据的方式。全球各大国家
纷纷将占据人工智能制高点视为夺取科技优势的核心策略，推动了人工智能向着
技术快速创新和应用广泛的新时代迈进。在这一背景下，众多创新产品如自动驾
驶、智能安...",,,0178313;,CDFDTEMP,论文,,,IIID,10614
CMFD,,刘雪芹;魏大鹏,CDMDTMP,000063264768,,TiO_2光催化降解污染物的~#@机器学习@#~预测,0,2024-03-23,103,硕士,1024459413.nh,True,唐容,,,27134889;44607430;,2024,,降解污染物;TiO_2光催化;机器学习;XGBoost,中国优秀硕士学位论文全文数据库,B014;B014;B027,"重庆理工大学
理学院
硕士
2024
TiO_2光催化降解污染物的~#@机器学习@#~预测
Machine Learning Prediction of TiO_2 Photocatalytic Degradation of Pollutants
唐容
刘雪芹；魏大鹏
电子信息（专业学位）
光催化的~#@机器学习@#~预测
能源短缺和水资源污染成为全球关注的问题,光催化降解技术...",,,0046910;,CMFDTEMP,论文,,,BBBM,11660
CMFD,,程平;兰福生,CDMDTMP,000055398204,,大数据下基于~#@机器学习@#~的企业预算管理研究,0,2024-03-22,147,硕士,1024458889.nh,True,谭果君,,,24788390;52133143;,2024,,预算管理;;大数据;;机器学习,中国优秀硕士学位论文全文数据库,C034;I138;I140;J151;J163,"重庆理工大学
会计学院
硕士
2024
大数据下基于~#@机器学习@#~的企业预算管理研究
Research on Budget Management of Enterprises Based on Machine Learning under Big Data
以ABC公司为例
Take ABC Company as an Example
谭果君
程平；兰福生
会计（专业学位...",,,0046910;,CMFDTEMP,论文,,,CCCM,11660
CMFD,,程平;戴晓红,CDMDTMP,000064221420,,基于~#@机器学习@#~的X企业智能成本控制研究,0,2024-03-22,71,硕士,1024458981.nh,True,邓佳红,,,24788390;52137128;,2024,,污水处理企业;机器学习;智能成本控制;药耗成本,中国优秀硕士学位论文全文数据库,B027;J152,"重庆理工大学
会计学院
硕士
2024
基于~#@机器学习@#~的X企业智能成本控制研究
Research on Intelligent Cost Control of X Enterprise Based on Machine Learning
邓佳红
程平；戴晓红
会计硕士（专业学位）
AICFO
随着大数据、人工智能等新兴技术的快速发展,企业成本控制智能化趋势已势不可挡,...",,,0046910;,CMFDTEMP,论文,,,BBBM,11660
CMFD,,李科,CDMDTMP,000064027934,,泌尿系统肿瘤预后模型构建及~#@机器学习@#~方法研究,0,2024-03-22,22,硕士,1024578501.nh,True,方昱衡,,,06566004;,2024,,机器学习;COX回归;预后模型;可解释性,中国优秀硕士学位论文全文数据库,E072;I140,"第一章 绪论
1
第一章 绪论
1.1 研究工作的背景与意义
泌尿系统肿瘤指发生于泌尿系统任意部位的肿瘤。如肾盂、输尿管、膀胱、
尿道等部位的肿瘤皆称为泌尿系统肿瘤。在全球范围内，膀胱癌（Bladder Cancer，
BC）是全球第十大常见癌症和第 13 大癌症相关死亡原因，每年有近 54.9 万例新
发病例和 20 万例死亡[1]。尽管有多种治疗方式，BC 患者的总生存率仍然很低...",,,0178313;,CMFDTEMP,论文,,,EEEM,10614
CMFD,,关辉国,CDMDTMP,000064412111,,制造业数字化转型驱动因素研究,0,2024-05-30,138,硕士,1024458211.nh,True,贾映彬,,,38530850;,2024,,企业数字化转型;;机器学习;;制造业;;上市公司,中国优秀硕士学位论文全文数据库,J150;J155,"兰州财经大学
硕士
2024
制造业数字化转型驱动因素研究
Research on Drivers of Digital Transformation in Manufacturing Enterprises
基于~#@机器学习@#~的证据
Evidence Based on Machine Learning
贾映彬
关辉国
工商管理 企业管理
公司治理
在数字化时代,制造业...",,,1699013;,CMFDTEMP,论文,,,JJJM,10741
CMFD,,唐波,CDMDTMP,000063269120,,~#@机器学习@#~估算光催化降解有机污染物反应速率常数的研究,0,2024-06-01,134,硕士,1024424112.nh,True,杨文杰,,,08385170;,2024,,机器学习;;光催化;;有机污染物;;反应速率常数,中国优秀硕士学位论文全文数据库,B014;B014;B027;I140,"山东师范大学
硕士
2024
TQ579
~#@机器学习@#~估算光催化降解有机污染物反应速率常数的研究
Study about Machine Learning for Estimating the Reaction Rate Constant of Photocatalytic Degradation of Organic Pollutants
杨文杰
唐波
化学工程与技术
...",,,0047921;,CMFDTEMP,论文,,,BBBM,10445
CJFD,,,MEDI2404S1,000058785099;000005075312;000040322209;000040580249,,影像组学与~#@机器学习@#~在非小细胞肺癌淋巴结分期中的应用,0,2024-03-20,434,期刊,FSXS202403025,True,乔健一;李雅迪;王鹏远;辛军;,,,,2024,,肺肿瘤;非小细胞肺癌;影像组学;机器学习,放射学实践,E060;E072;E080;,"开放科学(资源服务)标识码(OSID):
肺癌是最常见的癌症之一[1],非小细胞肺癌(non-small cell lung cancer, NSCLC)约占所有肺癌病例的85%[2]。肺癌分期是评估肺癌患者的关键步骤。准确的肿瘤分期是为每位患者提供最佳治疗方案的基础。对于大多数肺癌患者来说，纵隔淋巴结的评估是肺癌评估的关键。在缺乏远处转移证据的情况下，区域淋巴结的状态是指导治疗决策的的主要因素...",,03,0274704;,CJFDLAST2024,期刊,,,FSXS,
CMFD,,肖文君,CDMDTMP,000063931762,,基于高通量筛选和~#@机器学习@#~的电催化材料设计,0,2024-05-25,158,硕士,1024514659.nh,True,杨雨,,,29041064;,2024,,第一性原理计算;;二维材料;;电催化;;机器学习,中国优秀硕士学位论文全文数据库,B014;I140,"贵州师范大学
硕士
2024
基于高通量筛选和~#@机器学习@#~的电催化材料设计
Design of Electrocatalytic Materials Based on High-Throughput Screening and Machine Learning
杨雨
肖文君
无线电物理
光电催化材料设计研究
人类过度依赖煤、石油和天然气等能源,对能源储量和环境都带来严重的...",,,0186961;,CMFDTEMP,论文,,,BBBM,10663
CJFD,,,SOCI2405,000056203330;000043659504,,基于项目驱动的“~#@机器学习@#~”课程创新实践探索,0,2024-03-15,85,期刊,KJDS202408034,True,张亚茹;郝定溢;,,,,2024,,人工智能;;新工科;;机器学习;;项目驱动,科教导刊,H131;I140;,随着人工智能时代的到来，教育部多次发文推进新工科建设，强调应注重人工智能与计算机、控制论、概率论、统计学等多门学科知识的交叉融合，对接产业需求建设新工科专业，紧跟科技前沿发展重构课程内容、改革教学模式，培养复合型、创新型人才[1-2]。新工科背景下，~#@机器学习@#~作为人工智能的一门核心专业课程，如何基于新工科理念改革课程教学是当前“~#@机器学习@#~”课程面临的主要挑战[3]。~#@机器学...,,08,0167619;,CJFDLAST2024,期刊,,,KJDS,
CJFD,,,INFO2404,000060952714;000060952713;000060952715,,~#@机器学习@#~在银行业反诈领域的应用探索,0,2024-03-10,297,期刊,HNRD202403011,True,余刚健;程鹏;钟萃芳;,,,,2024,,银行业;;反诈预测;;专家模型;;机器学习,金融科技时代,I140;J159;,"一、概述
目前我国电信诈骗形势相当严峻，根据公安部的统计数据，电信网络诈骗已成为当前中国最严重的犯罪之一。电信诈骗在全国范围内普遍存在，受害人群体非常广泛，主要包括老年人、学生、农民工、企业员工、专业人士等，给人民群众带来了巨大的损失。而电信诈骗手段日益多样化和复杂化，诈骗者利用高科技手段、不断更新诈骗手段进行诈骗活动，造成了极恶劣的影响。
由于电信诈骗的复杂性和隐蔽性，打击电信诈骗需要全社会...",,03,0192949;0410984;,CJFDLAST2024,期刊,,,HNRD,
CJFD,,,INFO2405S1,000061437147,,视觉识别与~#@机器学习@#~在财务风险管理中的应用,0,2024-03-10,101,期刊,JCDL202403165,True,姬艳萍;,,,,2024,,计算机技术;;视觉识别;;机器学习;;能源企业,集成电路应用,I138;I140;J152;,"0 引言
能源企业面临着复杂的财务风险，如市场波动、资金流动性问题、投资项目风险等。准确识别和评估这些风险对于保障企业的稳定运营至关重要。传统的财务风险识别方法存在着主观性高、效率低、易受人为误判等问题。而计算机视觉和~#@机器学习@#~作为新兴的技术手段，在财务风险识别中展现出巨大潜力。
1 研究背景
计算机视觉与财务风险识别。计算机视觉是一种基于图像和视频处理的技术，其在财务领域中的应用...",,03,0582333;,CJFDLAST2024,期刊,,,JCDL,
CJFD,,,cajtmp,000005080298;000025831531;000060560116;000045697843;000060560114;000060560115,,~#@机器学习@#~赋能的优化算法及其在新型电力系统中的应用与展望,0,2024-03-08 21:05,2204,期刊,ZGDC202416009,True,王新迎;闫冬;施展;张东霞;邓琪;林振炜;,,,,2024,,机器学习;;新型电力系统;;人工智能;;优化算法,中国电机工程学报,C042;I140;,"0引言
随着全球气候变化、环境污染问题日益严峻，传统以化石燃料为主要能源的发电系统正面临着巨大挑战。为尽早实现“碳达峰、碳中和”重要战略目标，关键举措之一便是构建新型电力系统。《“十四五”现代能源体系规划》提出构建以新能源为主体的新型电力系统，推动电力系统向适应大规模高比例新能源方向演进。新型电力系统可以通过数字化技术有效地整合可再生能源以及分布式储能系统，是实现能源清洁和国民经济可持续发展的重...",,16,0527275;1861977;,CJFDAUTO,期刊,,,ZGDC,
CJFD,,,SCTB2405,000004928508;000007114920;000028922767;000020100594;000058069681,,基于~#@机器学习@#~的煤与瓦斯突出预测研究进展及展望,2,2024-03-08 12:11,1910,期刊,MTXB202402002,True,薛生;郑晓亮;袁亮;来文豪;张玉婷;,,,,2024,,煤与瓦斯突出;;机器学习;;突出预测;;特征选择,煤炭学报,B021;B026;I140;,"####煤与瓦斯突出是煤矿中一种极其复杂的动力现象，包括煤岩体破坏、煤体瓦斯解吸、扩散及渗流、煤体在气体流场中的运输和两相流传播等复杂物理过程[1]，可能会造成人员伤亡、设备损坏和矿井塌陷等严重后果，对矿山安全生产和经济造成重大威胁[2-3]。进入21世纪后，我国煤矿安全水平明显提高，突出问题得以有效的控制，但突出事故仍时有发生[4-6]。
准确预测[7]是煤与瓦斯突出防控的关键，可以尽早发现矿...",,02,0167619;2357477;,CJFDLAST2024,期刊,,,MTXB,
CMFD,,郭增伟,CDMDTMP,000054872526,,~#@机器学习@#~辅助的锈蚀PC梁抗剪承载力预测方法,0,2024-06-01,52,硕士,1024510730.nh,True,孟令涛,,,29081634;,2024,,机器学习;;遗传编程;;锈蚀PC空心板梁;;抗剪承载力,中国优秀硕士学位论文全文数据库,C034,"重庆交通大学
硕士
2024
U441.5
~#@机器学习@#~辅助的锈蚀PC梁抗剪承载力预测方法
Machine Learning-assisted Prediction Method for Shear Capacity of Corroded PC Beams
孟令涛
郭增伟
桥梁与隧道工程
钢筋混凝土(RC)和预应力钢筋混凝土(PC)结构的抗剪能力是保障结构安全的关键因素...",,,0157274;,CMFDTEMP,论文,,,CCCM,10618
CJFD,,,SCTC2404,000061204665,,基于~#@机器学习@#~的自动化机械系统故障诊断与预测研究,0,2024-03-05,638,期刊,JDWX202403026,True,刘将伟;,,,,2024,,机器学习;自动化机械系统;故障诊断;故障预测,家电维修,I140;,"0 引言
自动化机械系统在现代工业中扮演着重要的角色，它们可以自主执行各种任务并提高生产效率。然而，由于系统的复杂性和长时间保持运行，这些系统容易出现故障，导致生产停止和设备损坏。因此，及时诊断和预测故障变得至关重要，它可以让我们提前采取适当的维修措施，减少停机时间和维修成本。传统的故障诊断方法通常基于专家知识和经验，但这种方法往往依赖于人工分析和判断，费时且不准确。随着~#@机器学习@#~技术...",,03,1838362;,CJFDLAST2024,期刊,,,JDWX,
CDFD,,於州,CDMDTMP,000064031076,,基于~#@机器学习@#~的回归技术及理论研究,0,2024-03-01,21,博士,1024507915.nh,True,邱锐,,,11245199;,2024,,神经网络;随机森林;充分降维;度量空间,中国博士学位论文全文数据库,A002;I140,"华东师范大学
博士
2024
O212.1
基于~#@机器学习@#~的回归技术及理论研究
Research on Regression Techniques and Theories Based on Machine Learning
邱锐
於州
统计学
统计~#@机器学习@#~
朱仲义
随着人工智能时代的来临,回归技术作为一种强大的统计工具,在解释变量之间关系的同时,在~#...",,,0092795;,CDFDTEMP,论文,,,AAAD,10269
CMFD,,冷建材,CDMDTMP,000006558148,,基于~#@机器学习@#~与第一性原理计算的功能二维材料光电特性研究,0,2024-06-08,253,硕士,1024419289.nh,True,姜腾飞,,,33018918;,2024,,机器学习;;第一性原理计算;;二维材料;;光电特性,中国优秀硕士学位论文全文数据库,B020;I140,"齐鲁工业大学
硕士
2024
O47
基于~#@机器学习@#~与第一性原理计算的功能二维材料光电特性研究
Optoelectronic Properties of Functional Two-dimensional Materials : Machine Learning Combined with First-principles Study
姜腾飞
冷建材
材料科学与工程
...",,,1698679;,CMFDTEMP,论文,,,BBBM,10431
CMFD,,李建春;车平,CDMDTMP,000061923163,,基于波形特征的~#@机器学习@#~方法在岩石无损检测中的应用研究,0,2023-05-22,38,硕士,1024546777.nh,True,田卓然,,,37913197;51064585;,2023,,岩土工程;岩石缺陷;无损检测;机器学习,中国优秀硕士学位论文全文数据库,A011;C038;I140,"第一章  绪论
1
第一章 绪论
1.1 研究背景及意义
1.1.1 背景介绍
岩石是由多种矿物组成的坚硬混合物，其内部结构受到形成过程和地质作用的影响，
常存在裂缝、节理、空隙和不连续面等缺陷，这些缺陷对岩土工程的质量和安全有重要
影响。为了保障安全生产，需要采用安全、准确的无损检测技术。在不破坏岩土体本身
的情况下检测其内部缺陷，是岩土工程探伤技术的趋势。无损检测（Nondes...",,,0220478;,CMFDTEMP,论文,,,AAAM,10286
CJFD,,,INFO2405S1,000022082704,,基于运维知识图谱与~#@机器学习@#~的故障处理决策模型研究,0,2024-03-01,104,期刊,CXJL202403048,True,邓嵬;,,,,2024,,知识图谱;;机器学习;;故障处理;;决策模型,信息记录材料,I138;I140;,"0 引言
故障应急处理是数据中心运维管理的重要任务之一。随着技术的不断发展，运维团队面临着越来越复杂和多样化的故障情况。为了提高故障处理的效率和准确性，本文利用知识图谱和~#@机器学习@#~技术来构建故障处理决策模型具有重要意义[1]。
[1]
1 知识图谱在故障处理中的应用
1.1 知识图谱的特点
1.1.1 多源、多模态的知识整合
知识图谱可以整合来自不同数据源和不同模态的知识信息...",,03,1562953;,CJFDLAST2024,期刊,,,CXJL,
CJFD,,,ECON2404,000060710174,,基于~#@机器学习@#~的民用无人机避撞技术进展,0,2024-02-29,241,期刊,GKFC202402023,True,顾文勇;,,,,2024,,无人机;;避撞;;机器学习,高科技与产业化,C031;,"引言
随着无人机相关技术的飞速发展,无人机在电力与油气管路巡检、遥感测绘、安防监控、应急救灾、农林植保和快递物流等民用领域得到了广泛的应用。根据BCC Research发布的《Drone Technology and Global Markets 2022》显示,到2022年,全球无人机技术市场估计价值296亿美元,预计到2027年产值将达到547亿美元。其中,城市场景中的无人机物流业务作为民用...",,02,0264772;,CJFDLAST2024,期刊,,,GKFC,
CJFD,,,MEDI2405,000023973289,,一种基于~#@机器学习@#~识别医疗设备异常运行状态方法的建立,1,2024-02-29,65,期刊,YLZB202404008,True,李建均;,,,,2024,,机器学习;;医疗设备;;异常运行状态;;识别方法,医疗装备,C030;E053;E080;I140;,随着我国医疗器械行业的高速发展，越来越多先进的医疗设备被投入临床使用，并在患者治疗中发挥着关键作用。然而，随着医疗设备的不断更新换代，设备也越来越多样化、复杂化。在医疗设备日常使用中，设备故障时有发生，不仅影响了医疗设备的使用寿命，甚至为患者的医疗安全带来了严重隐患。因此，利用计算机技术精准识别医疗设备异常运行状态，避免设备故障引发医疗事故，对保障我国医疗事业的稳定发展具有重要的现实意义。目前，我...,,04,1699403;,CJFDLAST2024,期刊,,,YLZB,
CJFD,,,MEDI2404S1,000060206915;000020045566,,~#@机器学习@#~在公共卫生领域的应用现状,0,2024-02-23 15:13,926,期刊,YXWX202401016,True,宋源龙;张态;,,,,2024,,机器学习;;公共卫生;;流行病学;;人工智能,预防医学论坛,E054;I140;,随着测量技术、数据存储设备和连接不同数据集技术能力的不断提高，越来越多的信息可供公共卫生研究和决策使用。~#@机器学习@#~是一种近年来快速发展的数据分析方法，具有高效、准确和自动化的特点，在公共卫生领域中得到了广泛应用。~#@机器学习@#~可以处理大量的数据，发现其中的模式和规律，并不断~#@学习@#~和优化模型，以提高预测和决策的准确性。本文综述了~#@机器学习@#~在公共卫生领域的应用，包括...,,01,1699046;,CJFDLAST2024,期刊,,,YXWX,
CJFD,,,MEDI2403,000060071384;000054800024;000004806442;000043088041,,初级保健领域基于~#@机器学习@#~预测模型研究的设计特征与方法学质量：范围综述,0,2024-02-19,483,期刊,QKYX202410022,True,钟锦佳;李文涛;黄亚芳;吴浩;,,,,2024,,初级保健;机器学习;研究设计;预测模型,中国全科医学,E055;I140;,近年来，随着以信息技术和人工智能技术为代表的新兴技术的迅速发展，初级保健服务和基本医疗在数字化、智能化、协同化等方面不断发展、完善[1-3]。与专科医疗机构相比，初级保健服务机构常规登记数据、区域健康医疗数据、健康档案数据、患者自行报告的数据及移动设备采集的数据体量更为庞大，基于这些数据的临床研究报告及文献数量呈现逐渐升高趋势。在初级保健研究领域，学者开始尝试借助大数据和人工智能技术，通过...,,10,0063049;,CJFDLAST2024,期刊,,,QKYX,
CJFD,,,ELAW2405,000057068073,,基于~#@机器学习@#~的数据情报侦查预测研究,1,2024-02-15,394,期刊,GADX202401009,True,岳佳;,,,,2024,,机器学习;;数据犯罪情势;;数据情报侦查;;侦查预测,中国人民公安大学学报(社会科学版),G113;I140;,####引　言侦查预测是指侦查员根据已掌握的案情和有关的专门知识、经验，用各种科技手段和逻辑思维方法，对案件的性质、案情发展态势等进行预先推测的活动[1]。可见，采用先进的科技手段和正确的思维方法是提升侦查预测质量的前提和保障，而高质量的侦查预测是提高侦查效果的重点与难点，亦是制定警务决策、开展警务行动的重要依据。以历史纵向视角观之，自20世纪90年代我国进入互联网时代以来，公安情报预测在科技轨道...,,01,1750679;,CJFDLAST2024,期刊,,,GADX,
CJFD,,,SOCI2405SS,000061121758,,初中英语教育评估的~#@机器学习@#~方法与应用,0,2024-02-15,52,期刊,JCLT202403007,True,王飞;,,,,2024,,初中英语;;核心素养;;机器学习;;教育评估,基础教育论坛,F085;H127;H130;I138;,随着教育领域的不断发展和信息技术的进步，~#@机器学习@#~技术的引入为解决学生英语~#@学习@#~水平评估问题提供了新视角和新方法。~#@机器学习@#~可以分析大量的学生数据，包括考试成绩、作业表现、~#@学习@#~记录等多方面的信息，以帮助教育工作者更全面地评估学生的知识掌握情况。通过数据驱动的方法，~#@机器学习@#~建立并运用深度~#@学习@#~模型，根据多维度的信息预测学生的~#@学习@...,,03,0146503;,CJFDLASN2024,期刊,,,JCLT,
CJFD,,,INFO2403,000051918188,,~#@机器学习@#~在电力设备故障检测中的实践应用,2,2024-02-15,474,期刊,XXXT202402013,True,闾林秀;,,,,2024,,机器学习;;电力设备;;无人机;;实践应用,信息系统工程,C042;I140;,"一、前言
随着电力行业的不断发展，电力设备在电力生产和传输中扮演着至关重要的角色。然而，由于长时间运行和环境影响，这些设备会出现缺陷、隐患，存在着故障的风险，影响设备正常运转。
~#@机器学习@#~技术在近年来取得了显著的突破，其在故障检测方面的应用也逐渐成为研究热点。通过采集大量的设备缺陷和故障数据，利用一定的算法进行~#@学习@#~，从而智能识别不同类型的设备缺陷和故障，替代人工检测，提升...",,02,1698704;,CJFDLAST2024,期刊,,,XXXT,
CJFD,,,INFO2404S1,000060952289,,基于~#@机器学习@#~的高职院校网络安全部署设计,1,2024-02-15,77,期刊,DNZS202405028,True,张娟;,,,,2024,,机器学习;;网络安全;;部署设计,电脑知识与技术,H132;I139;I140;,"开放科学（资源服务）标识码(OSID)
随着互联网的普及与发展，高校的信息化、数字化建设也在加快进行，高校校园网作为信息化与数字化校园的重要基础设施，为学校的教育教学提供着良好的保障。目前的校园网络已经遍及学校的各个部门，成为整个校园的基础设备，学校对于网络的可管理性与安全性的需求也越来越高，因此构建一个合理的网络安全体系显得尤为重要[1]。特别是近年来，网络攻击手段不断升级，给校园网络安全带来...",,05,0180016;,CJFDLAST2024,期刊,,,DNZS,
CJFD,,,INFO2404S1,000047716895;000022556180,,~#@机器学习@#~在Android代码异味检测中的应用,0,2024-02-15,89,期刊,HBYD202402042,True,孙梦琪;边奕心;,,,,2024,,机器学习;;代码异味共存;;Android代码异味,长江信息通信,I138;I140;,"0 引言
近年来，移动应用技术迅速发展，不断更新来满足日益增长的需求，然而在变更过程中往往会导致不良设计，表现为Android代码异味[1]。Android代码异味降低Android应用程序的可理解性、可维护性、可测试性[2]。现有研究者致力于提出高效准确的代码异味检测方法但是存在多方面的限制。基于度量的代码异味检测方法受限于检测比较简单的代码异味，对于较复杂的代码异味不能直接用度量检测；基于症...",,02,0218770;,CJFDLAST2024,期刊,,,HBYD,
CJFD,,,ECON2409SS,000063732887,,目标分析中的~#@机器学习@#~方法探索与应用,0,2024-02-10,0,期刊,ZLXC202405018,True,王璐雯;,,,,2024,,目标分析;;机器学习;;探索与应用,中国战略新兴产业,I140;,"~#@机器学习@#~作为一个多学科的研究领域，主要包括基本的统计理论知识、近似基础知识、概率论理论知识和复杂的计算理论知识。~#@机器学习@#~作为人工智能的研究核心，是计算机产生智能的根本途径。它专门研究计算机如何模仿或实现人们的日常~#@学习@#~活动，并从中获取最新的知识或技术，从而对现有的知识系统进行重构，以提高其性能。
1 ~#@机器学习@#~概念分析
~#@机器学习@#~是目标分析...",,05,0220170;,CJFDLASN2024,期刊,,,ZLXC,
CJFD,,,INFO2404,000000703869,,基于~#@机器学习@#~的频谱分配算法在无线通信系统中的应用,0,2024-02-10,128,期刊,JCDL202402133,True,王建珍;,,,,2024,,机器学习;;频谱分配;;无线通信系统,集成电路应用,I136;I140;,"0 引言
无线通信系统中的频谱分配问题是一个关键性的挑战，因为频谱资源的稀缺性给通信效率和网络容量带来限制。传统的频谱分配方法受到频谱利用率低、难以适应动态环境和复杂用户需求等问题的影响。近年来，~#@机器学习@#~在各个领域取得了显著进展，并在频谱分配中显示出巨大潜力。
1 研究背景
无线通信系统的频谱分配。在无线通信系统中，频谱分配是一项具有挑战性的任务。由于频谱资源有限且需满足多个用户...",,02,1597972;,CJFDLAST2024,期刊,,,JCDL,
CJFD,,,INFO2404,000060296456;000004464596;000051318308;000060296457,,基于~#@机器学习@#~的碳排放数据异常识别方法,0,2024-02-10,255,期刊,ZDHT202403014,True,杨若钧;陈爱忠;曾金灿;姚腾;,,,,2024,,碳排放;;机器学习;;密度聚类;;碳核查,自动化应用,B027;I140;,"1 研究背景
温室气体的不断排放导致地球气温、海平面上升以及极端天气事件增加，威胁人类社会的可持续发展[1-2]。为应对该挑战，国际社会逐渐采用基于市场机制的碳交易以减少温室气体排放。在碳交易市场中，企业和国家通过购买和出售温室气体排放权额。这种市场机制通过评估排放量，为排放量设定价格并鼓励企业采取减排措施，促进了低碳经济的发展。
[1-2]
在碳交易过程中，碳核算与核查是重要的2个环节。碳...",,03,1504465;1704760;1776106;,CJFDLAST2024,期刊,,,ZDHT,
CJFD,,,MEDI2404S1,000055191624;000053135511;000057092279;000037922657,,~#@机器学习@#~在患者出院准备服务中的应用进展,1,2024-02-10,2417,期刊,ZHHL202403017,True,胡欢婷;洪思思;贾盈盈;宋剑平;,,,,2024,,机器学习;出院准备服务;临床决策;出院护理,中华护理杂志,E060;,为深化医药卫生体制改革，促进优质医疗资源扩容和均衡布局，医疗机构通过缩短患者平均住院时间来提高病床周转率，从而提高医疗资源利用率，若患者在未完全康复的状态下由医院转出，则存在一定的健康风险[1-2]。出院准备服务又称出院计划，秉承以患者为中心的理念，包括评估、计划、实施、随访及效果评价4个阶段，医院负责成立多学科协作管理团队，确保患者在环境的转换中获得完整且持续的照护服务，以达到最佳的健康状态和生...,,03,0229748;0269146;,CJFDLAST2024,期刊,,,ZHHL,
CJFD,,,ECON2403,000054586671,,~#@机器学习@#~技术在农业领域的应用研究——以福建省为例,1,2024-02-05,368,期刊,HLZK202403009,True,巫利荣;,,,,2024,,机器学习技术;;人工智能;;数字农业;;示范应用,互联网周刊,D043;I138;I140;,"引言
农业是国民经济的命脉，农业丰则基础强，农民富则国家盛。随着我国农业面临着越来越多的挑战，传统农业已经无法满足市场对农产品健康、安全、品质的要求，在国家全面推进乡村振兴、加快建设农业强国的大背景下，对农业现代化发展也提出了更高的要求。由此，~#@机器学习@#~技术的发展与融合应用为农业产业带来了新的机遇和挑战。
~#@机器学习@#~技术已经在医疗、电信、金融、交通、市场营销等许多领域取得了...",,03,,CJFDLAST2024,期刊,,,HLZK,
CJFD,,,INFO2404S1,000058209367;000033382490;000020032766;000039124763,,基于问题导向的~#@机器学习@#~课程教学探索,1,2024-02-05,114,期刊,DNZS202404013,True,徐叶松;胡平;戴家树;严楠;,,,,2024,,问题导向;机器学习;人工智能;教学,电脑知识与技术,H131;I140;,"开放科学（资源服务）标识码(OSID):
1 背景
2017年7月8日，国务院正式印发了《新一代人工智能发展规划》，为我国发展人工智能提出了保障措施、主要任务、战略目标和总体思路，同时该规划明确了人工智能技术进入教育体系的长期发展方向[1]。为进一步落实《新一代人工智能发展规划》，自然科学基金委和科技部在2023年3月启动了“AI for Science”专项部署工作，建立以“人工智能驱动的科...",,04,1679379;,CJFDLAST2024,期刊,,,DNZS,
CJFD,,,INFO2403,000061285140,,基于~#@机器学习@#~的文本信息抽取方法研究,0,2024-02-05,267,期刊,WAXX202402026,True,卞德忠;,,,,2024,,文本信息抽取;机器学习;医学文本;,网络安全和信息化,I138;I140;,"随着大数据时代的来临，文本数据作为其中重要的一部分，已成为各行各业关注的焦点。如何有效地从庞大而复杂的文本数据中抽取出有价值的信息，成为一大挑战。文本信息抽取（Information Extraction,IE）技术正是解决此问题的关键一环。近年来，基于~#@机器学习@#~的文本信息抽取方法受到了广泛的关注。
基于~#@机器学习@#~的文本信息抽取方法概述
文本信息抽取旨在从庞大的非结构化或半...",,02,0065699;,CJFDLAST2024,期刊,,,WAXX,
CJFD,,,SCTC2404S1,000042531851;000058429441;000035753277;000034099111;000051800578;000050480231;000015938751;000058429442,,~#@机器学习@#~在水务行业中的应用现状与发展前景,2,2024-02-01 17:40,787,期刊,SDNY202403010,True,李思敏;产青青;金鑫;杨晶;路恒通;张家旋;碗莹;杨一帆;,,,,2024,,机器学习;;水务行业;;智慧水务;;人工智能算法,水电能源科学,C037;I140;,"1 引言
近年来城市供水及排水管网不断完善，污水厂不断提标改造，城市管网系统及水处理系统日益复杂，环境分析工具和监测技术的迅速发展导致数据生成的数量爆炸性增长，数据的维度呈现多样性变化，传统的基于一般规律的数据分析模型面临瓶颈，复杂物理化学及生物过程难以通过常规模型模拟，数据对于水务决策的支撑明显不足[1]。因此在传统统计工具之外采取更先进和更强大的计算和数据分析方法是支撑现代水务数字化和智慧化...",,03,0096763;1781961;0109290;,CJFDLAST2024,期刊,,,SDNY,
CJFD,,,MEDI2404,000060622854;000060622855;000060622856;000035118607,,~#@机器学习@#~在情绪障碍研究中的应用及展望,1,2024-01-30,262,期刊,BIOM202401001,True,高成孟;李琳瑶;翟雨佳;陈宁;,,,,2024,,机器学习;;人工智能;;情绪障碍,教育生物学杂志,E071;F102;I140;,情绪障碍（emotional disorders），也称情感障碍（affective disorders）或心境障碍（mood disorders），是指人们正常情感反应的减少、夸张或混乱[1]，通常指抑郁障碍和焦虑障碍中的某些疾病，包括抑郁症、躁狂症、双相情感障碍、社交焦虑障碍、惊恐障碍和广泛性焦虑障碍等[2]。根据国家卫生健康委员会2019年公布的数据显示，我国国民抑郁症和焦虑障碍的患病率已经...,,01,0023947;,CJFDLAST2024,期刊,,,BIOM,
CJFD,,,SCTC2402S2,000061213125;000045731520;000036677808;000020818107;000038934153;000053453831,,应用~#@机器学习@#~研究土壤侵蚀的文献计量分析,0,2024-01-28,396,期刊,RIVE202401012,True,李潼亮;李斌斌;张风宝;史方颖;杨明义;何庆;,,,,2024,,土壤侵蚀;机器学习;神经网络模型;地理信息系统,人民长江,D043;D045;,"0 引 言
土壤侵蚀作为全球性的环境问题，给生态安全、粮食安全及可持续发展带来了严峻的挑战[1-4]。为了防治土壤侵蚀，早在百余年前众多学者和研究人员就已经开始了有关土壤侵蚀的研究。从早期研究土壤流失量与单因子之间的关系到现如今的多因子模型[5],从野外观测到室内模拟试验，有关土壤侵蚀的研究现已发展出一套以实验为基础，以机理与模型为延伸的研究路线，取得了大量的研究成果。但由于土壤侵蚀类型多样、影...",,01,0088638;0701670;0011141;,CJFDLAST2024,期刊,,,RIVE,
CJFD,,,SCTB2402S2,000025747114;000032826704;000002796849;000034471733;000040895917;000049377413;000059894717,,~#@机器学习@#~在钻柱振动识别与预测中的研究进展,2,2024-01-25,565,期刊,TRQG202401013,True,汪海阁;高博;郑有成;赵飞;崔猛;丁燕;邢世旺;,,,,2024,,钻柱振动;深层;油气钻井;机器学习,天然气工业,B019;,"0 引言
随着国家油气勘探开发力度的不断加大，我国钻井朝着难度更大、成本更高的深井、超深井和大位移井等复杂结构井方向发展[1]。在钻进过程中，由于地层非均质性及井壁约束等条件影响，钻柱在井下和岩石、井壁接触时，会承受拉伸、挤压、弯曲、扭转等各种复杂多变的动态组合载荷，增加钻柱的复杂振动风险。复杂振动会导致机械钻速降低和钻具组合磨损，进而影响破岩效率。严重振动情况下会造成井下工具失效并对井筒质量产...",,01,0193288;0093802;0890009;,CJFDLAST2024,期刊,,,TRQG,
CJFD,,,SOCI2403,000002694173,,基于Gitee与学科竞赛任务驱动的~#@机器学习@#~实践课程教学设计与探索,1,2024-01-25,132,期刊,CXYL202402010,True,夏吉安;,,,,2024,,机器学习;实践教学;竞赛驱动;Gitee平台,创新创业理论研究与实践,H131;I140;,"2021年1月，教育部办公厅印发《本科层次职业教育专业设置管理办法（试行）》，明确指出坚持高层次技术技能人才培养定位，适应学生全面可持续发展的需要[1]。随着职教本科教育在我国的快速发展，如何建立适合职教本科院校的人工智能专业实践教学体系与课程体系是值得研究与探索的课题[2]。
[1]
[2]
~#@机器学习@#~是人工智能技术服务专业的一门专业核心课，课程目标是理解~#@机器学习@#~算法...",,02,2183170;,CJFDLAST2024,期刊,,,CXYL,
CJFD,,,SCTC2404,000057150979;000037385599,,基于~#@机器学习@#~预测建筑用空调性能的研究,0,2024-01-25,110,期刊,JNJN202401016,True,焦焕淞;肖鑫;,,,,2024,,露点蒸发冷却;空调性能;机器学习;BP神经网络法,节能,C038;,"引言
随着人口数量的增长，建筑能耗也随之增长。在建筑能耗中，空调方面的能耗占据2/3以上[1]。为了应对能源挑战，许多国家提出了自己的碳中和计划[2]。露点蒸发冷却空调不含压缩机和制冷剂，可以显著地降低建筑能耗，减少对环境的负面影响[3]。蒸发冷却空调分为直接蒸发冷却和间接蒸发冷却两种形式[4-5]。直接蒸发冷却空调中空气与水分直接接触，空调送风在降低温度的同时，还增加了湿度。间接蒸发冷却空调具...",,01,0265717;,CJFDLAST2024,期刊,,,JNJN,
CJFD,,,INFO2405S1,000061370440,,基于~#@机器学习@#~的图书馆文化服务项目自动推荐方法,0,2024-01-25,26,期刊,XXDL202402001,True,高源;,,,,2024,,机器学习;;图书馆;;文化服务;;自动推荐,信息与电脑(理论版),I138;I140;I143;,"0 引言
传统的图书馆文化服务往往依靠图书馆员的人工推荐和用户的自主搜索，但这种方式效率低且无法满足用户多样化的需求。如何从海量的图书资源中高效地获取所需信息，一直以来都是图书馆用户面临的难题。尤其在面对着数量繁多且不断更新的图书资源时，单纯依靠传统的检索方式往往无法满足用户的需求。因此，有必要研究基于~#@机器学习@#~的图书馆文化服务项目自动推荐方法。
刘佳慧等通过粒子群优化算法（Part...",,02,0252240;,CJFDLAST2024,期刊,,,XXDL,
CJFD,,,AGRI2404,000036936904;000050643547;000054442723;000036947054,,基于~#@机器学习@#~的土壤机械压实应用研究,1,2024-01-23 15:50,318,期刊,NJYJ202409003,True,周修理;秦娜;王大维;乔金友;,,,,2024,,机器学习;土壤机械压实;土壤坚实度;土壤容重,农机化研究,D043;D045;,"0  引言
伴随着科学技术的发展，农业机械作业效率和机械化程度日益提高，农业生产中对机械作业的重视程度也得到了极大提高。农业机械的大量使用，提升了农业生产效率，但同时也给生产实践带来了一系列问题，最为关键的是对农田土壤耕层产生了不同程度压实影响[1]。农业机械作业对土壤的碾压影响，远超过土壤自身恢复能力，使土壤压实不断加剧。土壤压实会影响土壤理化性质，恶化作物生长最佳土壤环境[2],致使机械作业...",,09,0243971;,CJFDLAST2024,期刊,,,NJYJ,
CJFD,,,INFO2403S1,000055368542;000023732502;000055368541,,基于~#@机器学习@#~的焦虑脑电识别技术分析,0,2024-01-20,336,期刊,DZJS202401025,True,邱江;王在俊;刘人杰;,,,,2024,,脑电信号;;焦虑识别;;数据处理;;机器学习,电子技术,A006;E080;I136;I140;,"0 引言
焦虑是一种正常的生理和心理反应，但人体若长期处于焦虑状态，则有可能演变成焦虑症等焦虑障碍。焦虑症以及其他焦虑障碍是全球范围内的常见心理健康问题，会影响患者的生活质量，降低生活的幸福指数。
1 研究背景
传统的焦虑状态识别方法是通过受试者的量表自测和临床医生的主观评估。这些方法受人的主观性影响较大，因此需要更客观的工具来提高焦虑状态识别的准确性。利用各种生理信号进行焦虑识别受到广大研...",,01,0264772;,CJFDLAST2024,期刊,,,DZJS,
CJFD,,,INFO2405,000026981111,,基于~#@机器学习@#~的移动通信网络切片安全部署技术研究,0,2024-01-20,74,期刊,DYXU202401045,True,钟磊;,,,,2024,,机器学习;移动通信;通信网络;切片安全,电子元器件与信息技术,I136;I140;,"0 引言
在当今数字化时代，移动通信网络扮演着日益重要的角色，为人们提供了无缝连接、高效通信的便利，然而，随着通信网络的不断发展和智能化的不断推进，用户的敏感数据也变得越来越庞大且重要。面对这些敏感数据的保护需求，网络切片技术作为一种关键的网络架构方案，为移动通信网络提供了更为灵活、高效的资源分配方式。广西公司开展网络关键数据监测服务和网络域相关系统的安全合规检查是加强信息安全的工作要求。项目支...",,01,0198428;,CJFDLAST2024,期刊,,,DYXU,
CJFD,,,SCTA2404S1,000059653161,,蛋白质计算中的~#@机器学习@#~,3,2024-01-19 15:28,564,期刊,WLXB202406037,True,张嘉晖;,,,,2024,,蛋白质;机器学习;分子动力学模拟;结构预测,物理学报,A006;I140;,"1 引言
蛋白质(protein)是生命的关键物质基础之一.研究它们对理解生命体系、探究生命进程和治疗疾病有着重大意义[1–3].由于时间与空间尺度、复杂度和可控性以及实验成本等原因,只依靠实验方法对蛋白质进行研究是不够的,用计算方法对蛋白质的研究可弥补实验研究的不足[4,5].对蛋白质实施计算研究主要有四种目的:研究蛋白质的结构、运动或相互作用细节(通常是通过分子动力学模拟)[6];给定蛋白质...",,06,0002522;,CJFDLAST2024,期刊,,,WLXB,
CJFD,,,ECON2402S1,000047685212;000039016620,,~#@机器学习@#~、策略选择与供应链金融合谋行为：基于演化博弈视角的研究,1,2024-01-16 17:50,1240,期刊,JRLS202312004,True,任博;邱国栋;,,,,2023,,机器学习;金融科技;供应链金融;合谋掩饰,金融理论与实践,A002;I140;J145;J152;J159;,"一、引言
“十四五”规划提出，加快发展现代产业体系。但是，随着世界经济全球化发展进程的加快，我国企业所面临的外部环境日益复杂，尤其是作为产业链、供应链中重要节点及国民经济重要组成部分之一的中小企业，其在履行创造就业岗位、促进科技创新、服务经济发展等社会责任的同时，也会面临自身融资需求与社会融资路径不适配的困境。回顾过去，金融危机期间的信贷紧缩曾致使许多供应商破产，并威胁到全球供应链的稳定[1]，...",,12,0177730;,CJFDLAST2024,期刊,,,JRLS,
CJFD,,,SCTB2402S2,000059618154;000025687608,,基于~#@机器学习@#~的甜味剂分类预测模型研究进展,1,2024-01-15 11:09,726,期刊,ZSTJ202401034,True,林凡超;徐守江;,,,,2024,,甜味剂;机器学习;深度学习;分类,中国食品添加剂,B024;I140;,"1 简介
甜味是各种食物中最重要的味道之一，过量摄入糖类会增加不良健康状况的风险[1]。甜味剂的发现是食品领域的一场革命，使得生产无热量摄入的甜食成为可能[2]。甜味剂按来源可分为天然甜味剂和人工合成甜味剂。天然甜味剂是指从天然物质（通常是植物）中提取、分离出的甜味物质[3]。人工合成甜味剂，也称为糖替代品或非糖甜味剂，是指用作食品或饮料添加剂以替代糖的化合物[4]。甜味剂的安全性问题争议不断[...",,01,1744774;1699504;,CJFDLAST2024,期刊,,,ZSTJ,
CJFD,,,SCTC2403,000020385719;000060019617;000006047168;000040724373,,~#@机器学习@#~在航空发动机钛合金研究中的应用进展,0,2024-01-15,450,期刊,HKGJ2024Z1004,True,弭光宝;孙圆治;吴明宇;李培杰;,,,,2024,,航空发动机钛合金;机器学习;性能预测;合金成分优化,航空制造技术,C031;I140;,弭光宝研究员，博士，研究方向为发动机钛火防控及高温钛合金。用密度泛函理论、蒙特卡洛随机算法和有限元方法对原子尺度和连续过程进行同步建模[4]。随着合金化元素种类增加，合金性能与组成元素的关系趋于复杂，各成分之间存在相互作用，对合金成分的设计和优化提出了更大的挑战。传统合金设计方法计算和试验成本高，新的合金成分设计和性能预测方法有待发展。近些年~#@机器学习@#~和数据科学快速发展，为各类合金成分设...,,Z1,0532952;0187103;,CJFDLAST2024,期刊,,,HKGJ,
CJFD,,,INFO2404,000060463792;000002748744,,基于物联网通信与~#@机器学习@#~的智能客服系统研究,0,2024-01-15,113,期刊,HBYD202401031,True,杨锋;杜秀君;,,,,2024,,物联网技术;通信识别;机器学习;智能客服,长江信息通信,I136;I138;I140;,"0 引言
现阶段，随着人工智能与信息化技术的不断创新进步，智能客服系统兴起，为各个领域及企业的发展提供便利条件，也促使智能客服进一步受到人们的重视[1]。其实，智能客服系统的发展过程是较为漫长的，从最开始的检索式~#@机器@#~人；演变成运用定向模板，支持多词匹配，具有模糊查询能力的客服系统程序；以此为基础，引入搜索技术，对相关性词汇进行排序，系统识别用户的语音和问题，完成目标处理；现如今是智能...",,01,0024348;,CJFDLAST2024,期刊,,,HBYD,
CJFD,,,SCTB2402S1,000059530323;000062199330;000029959594;000029929406,,~#@机器学习@#~驱动难熔高熵合金设计的现状与展望,0,2024-01-10 10:43,1148,期刊,CLGC202401003,True,高田创;高建宝;李谦;张利军;,,,,2024,,难熔高熵合金;机器学习;相结构;力学性能,材料工程,B022;I140;,"随着航空航天、核反应堆、石油化工领域的迅速发展，对高温金属材料的性能提出了更为严苛的要求[1-2]。传统的镍基合金因其熔点偏低，需通过添加W,Mo等高熔点元素来提升其使用温度，但依然无法满足核反应堆、液体火箭发动机喷嘴、陆地燃气轮机等部件在超高温极端环境下的性能需求[2-3]。因此，迫切需要设计出具有更为优异力学性能和耐高温性能的新型合金。
[1-2]
[2-3]
以难熔元素（如V,Cr,Z...",,01,0193746;0109290;,CJFDLAST2024,期刊,,,CLGC,
CJFD,,,ECON2402S1,000041495067;000007450623;000041932970,,计量经济学中的~#@机器学习@#~方法：回顾与展望,6,2024-01-10 10:12,2897,期刊,TJJC202401009,True,石荣;张特;杨国涛;,,,,2024,,机器学习;;计量经济学;;大数据;;因果推断,统计与决策,A002;I140;J145;,"0 引言
计量经济学是以经济理论和实证数据为基础，借助数学和统计学工具预测和识别因果关系，为经济管理的实证研究提供理论支撑与方法工具的一门学科[1]。计量经济学的主要作用包括经济预测、验证理论和政策评价。计量经济学为各种互相竞争的经济理论提供“证伪”的契机，并为政策实施与政策评估提供科学决策依据。在推动经济学科学化的过程中，计量经济学发挥的作用不容忽视。在大数据时代，数据的形式和数量经历了翻天覆...",,01,0206435;,CJFDLAST2024,期刊,,,TJJC,
CJFD,,,INFO2402,000030943911;000059684487;000059835583;000059684488;000034348224;000057955305;000057955306,,基于“3M”教学方法的~#@机器学习@#~课程改革与实践,0,2024-01-10,169,期刊,JYJS202401017,True,唐静;王艳洁;王萌阳;张传扬;张晓明;郭一达;韩易霖;,,,,2024,,机器学习;;学科交叉融合;;教学研究;;以学生为中心,计算机教育,H131;I140;,"0 引言
在本科专业设置调整工作中，教育部明确提出引导高校用好学科交叉融合的“催化剂”，在科技发展前沿，以培养学生的高阶思维能力和问题解决能力为目标，创新推动学科交叉融合[1]，因此，解决教学中知识交叉融合并实现创新应用是一个共同难题和挑战[2]。在中国，很多高校已经成为拥有多元化学生群体的综合性组织，这使得在学生~#@学习@#~与开展教学活动时课堂环境要更有趣并具有挑战性[3-4]。
[1]...",,01,0225462;0105032;,CJFDLAST2024,期刊,,,JYJS,
CJFD,,,SCTC2402S2,000050383332,,基于~#@机器学习@#~的故障诊断方法研究综述,3,2024-01-10,1738,期刊,SBGL202401070,True,赵瑶瑶;,,,,2024,,机器学习;;故障诊断;;浅层学习,中国设备工程,I140;,"随着我国工业技术的不断发展，工业机械和设备的整机复杂度不断提高。为了保障设备安全运行，必须对其进行有效的故障诊断。大量研究表明，故障诊断技术是发现机械设备早期故障的有效措施，可以为操作人员提供一定的决策经验，从而提前找出设备故障原因，避免重复出现同类故障，确保设备的工作效率，提高其可靠性。
随着计算机技术的不断发展，~#@机器学习@#~算法的性能在不同领域有所体现。在故障诊断中，~#@机器学习@...",,01,1585288;,CJFDLAST2024,期刊,,,SBGL,
CJFD,,,INFO2403,000014342125,,基于~#@机器学习@#~的水电能源发电效率预测与优化分析,0,2024-01-10,155,期刊,JCDL202401148,True,贺嘉坤;,,,,2024,,机器学习;;水电系统;;效率预测,集成电路应用,C037;I140;,"0 引言
随着全球能源需求的不断增长，新能源发电已经成为一种重要的能源来源。水电新能源发电作为一种可再生的能源形式，具有许多优点，如清洁、可调峰、可分布式等。然而，水电新能源发电的效率受到多种因素的影响，如水文条件、气象条件、设备状况等。因此，对水电新能源发电效率进行预测和优化，可以提高能源的利用效率，减少能源的浪费。
1 研究背景
水电新能源发电的定义和分类。水电新能源发电是指利用水资源进...",,01,0071074;,CJFDLAST2024,期刊,,,JCDL,
CJFD,,,INFO2403,000038843580;000035639693;000060162855,,锂电池故障检测与~#@机器学习@#~算法应用,0,2024-01-10,288,期刊,JCDL202401178,True,魏皓;孙鹏;刘瑞瑞;,,,,2024,,数据处理;;锂电池;;故障检测;;评估策略,集成电路应用,C042;I140;,"0 引言
在医用电气设备中，采用锂电池作为能源已成为趋势。然而，由于电池的物理特性和工作环境的复杂性，锂电池故障可能会导致设备的性能下降甚至故障。因此，开发一种高效且准确的锂电池故障检测方法具有重要意义。~#@机器学习@#~算法具有适应性强、自动化程度高等特点，在故障检测领域展现出潜力。
1 研究背景
锂电池在医用电气设备中的应用。锂电池在医用电气设备中的应用是一个备受关注的研究领域。随着现...",,01,0109648;1511094;,CJFDLAST2024,期刊,,,JCDL,
CJFD,,,SCTC2403S1,000017722711;000004628831;000026118817;000060384629;000051328793,,基于~#@机器学习@#~模型理论的基坑变形预测研究,0,2024-01-10,159,期刊,XPJX202401026,True,田久晖;程华强;苏鑫;邓钦震;杨宏;,,,,2024,,基坑;变形;自动化监测;机器学习,中国新技术新产品,C038;,"随着城市建设的不断发展，工程建设已不再局限于地面，城市地下空间开发日益增多，因此基坑工程也随之增加[1-2]。与此同时，基坑工程变得越来越复杂，因此对基坑进行监测变得尤为重要，基坑监测技术也逐渐从人工监测向自动化监测领域发展[3]。
[1-2]
[3]
与人工监测相比，自动化监测通过将不同的传感器和监测设备相连，能即时获取各监测仪器的数据，全天候动态监测基坑。这个方式不仅可以节省人力成本，还...",,01,0231557;1829060;,CJFDLAST2024,期刊,,,XPJX,
CJFD,,,INFO2405S1,000023985234,,基于~#@机器学习@#~的计算机专业课程知识点推荐系统设计与优化,0,2024-01-10,105,期刊,XXDL202401023,True,王重英;,,,,2024,,机器学习;;计算机专业课程;;知识点推荐,信息与电脑(理论版),H131;I137;I138;,"0 引言
随着教育技术的发展，利用~#@机器学习@#~方法进行课程内容推荐已成为教育创新的重要方向[1-3]。这些方法能够处理复杂的数据，提取有用的信息，为学生提供更加准确和个性化的~#@学习@#~建议[4-5]。文章旨在探索如何利用~#@机器学习@#~技术提高计算机专业课程的教学效果和学生的~#@学习@#~体验。
[1-3]
[4-5]
1 系统设计
计算机专业课程知识点推荐系统包括两...",,01,0450353;,CJFDLAST2024,期刊,,,XXDL,
CJFD,,,ECON2402,000000982521;000059477681;000055238880,,~#@机器学习@#~在智能物流研究中的应用进展与展望,1,2024-01-05,1028,期刊,LTKJ202401016,True,魏进;闫春雨;闫雪原;,,,,2024,,机器学习;智能物流;智能仓储;智能运输,物流科技,I140;J145;,随着科学技术的不断发展，当今世界正掀起新一轮的产业革命。物流作为国民经济发展的基础产业和重要动脉，正面临着产业转型升级。传统的物流模式已不能满足人民日益增长的需求，物流正朝着自动化、智能化方向发展，智能物流的概念随之诞生。自动识别、人工智能、数据挖掘等技术为智能物流的发展提供了强大的驱动力[1]。其中在人工智能的研究中，~#@学习@#~被认为是一个关键的特征，~#@机器学习@#~也成为人工智能的重...,,01,0114713;0245633;0185113;,CJFDLAST2024,期刊,,,LTKJ,
CJFD,,,INFO2402S1,000059853114,,基于~#@机器学习@#~的软件缺陷预测方法研究,2,2024-01-05,332,期刊,WAXX202401027,True,李睿宇;,,,,2024,,机器学习;缺陷预测;,网络安全和信息化,I138;I140;,"在数字化时代，软件已经成为企业和组织日常运营的核心。然而，软件缺陷的存在可能导致严重的业务中断和数据泄漏，从而损害组织的声誉和经济利益。本文旨在探索基于~#@机器学习@#~的软件缺陷预测方法，以提高软件质量，减少缺陷带来的高成本和高风险问题。
数据收集与管理
1.数据来源与获取
(1）数据来源。软件缺陷预测的数据有多个来源，最常见的数据源之一是版本控制系统，如Git或Subversion，它...",,01,,CJFDLAST2024,期刊,,,WAXX,
CJFD,,,SOCI2403,000039476436;000039897075;000036831635,,新工科背景下“五融入”创新人才培养模式研究——以“~#@机器学习@#~”课程为例,0,2024-01-05,196,期刊,KJDS202401026,True,王兴梅;杨东梅;蔡成涛;,,1;,,2024,,机器学习;;人才培养;;课程思政;;校企合作,科教导刊,H131;I140;,“新工科”于2016年6月由教育部首次提出，做好新工科建设是我国工程教育改革的重要方向，更是我国日后赢得国际竞争不可或缺的法宝。在中国共产党第二十次全国代表大会上，习近平总书记提出推动战略性新兴产业融合集群发展，构建新一代信息技术、人工智能等一批新的增长引擎[1]。大数据和云计算等技术不断发展，人工智能也发展迅猛，在此背景下，“~#@机器学习@#~”课程逐渐成了各高校人才培养方案的核心课程。推广“...,,01,0119964;,CJFDLAST2024,期刊,,,KJDS,
CJFD,,,SCTA2404,000060795281;000060795280,,~#@机器学习@#~算法在心理健康领域的应用研究,0,2024-01-05,227,期刊,HDKJ202401018,True,周禹西;潘鑫燊;,,,,2024,,机器学习算法;心理健康领域;,华东科技,F102;I140;,~#@机器学习@#~算法是一种强大的数据分析技术，已经在心理健康领域得到推广与应用。本文从~#@机器学习@#~算法的概念出发，梳理了~#@机器学习@#~算法的种类及其辅助心理健康预测的具体路径，重点阐述了其在辅助诊断心理健康问题、丰富相关研究手段以及预测治疗效果三个方面的应用情况，最后对~#@机器学习@#~算法在心理健康领域的应用研究提出了展望，以期发挥~#@机器学习@#~算法在识别、预防和解决国...,,01,1694858;,CJFDLAST2024,期刊,,,HDKJ,
CJFD,,,SCTB2404S1,000042852132;000029688436;000063463020;000059406166;000005613645;000055841502,,~#@机器学习@#~视角下风味分子研究及其在茉莉花茶中的应用,1,2024-01-02 11:41,677,期刊,SYKJ202402009,True,庞杰;李小林;王芹;张钦华;黄世国;孙意岚;,,,,2024,,风味分子;机器学习;茉莉花茶;品质预测与控制,粮油食品科技,B024;,"茶包括各种茶叶、花果茶和茶类食品[1-2]。其中，茉莉花茶作为中国特色的传统香片茶，因其独特宜人的香气和口感而广受大众喜爱[3]。茶类饮品的风味是影响其品质和市场竞争力的核心因素之一[4]。随着科技和食品工程领域的快速发展，茶的风味分析和品质控制变得更加精细和复杂。传统的人工感官评价虽然有一定的参考价值，但受主观性和经验性因素的影响，难以实现客观而高效的风味分析[5]。
[1-2]
[3]
...",,02,0156815;,CJFDLAST2024,期刊,,,SYKJ,
CJFD,,,SCTB2402S2,000058920491;000007642912;000026111247;000025769830;000038659758;000007082586;000007169770,,~#@机器学习@#~在食品贮藏品质预测中的应用,1,2023-12-31,973,期刊,ZGSP202312032,True,代帅帅;吴伟杰;牛犇;房祥军;陈慧芝;陈杭君;郜海燕;,,,,2023,,食品品质;预测;机器学习;微生物,中国食品学报,B024;,随着生活品质的提升与全民健康意识的增强，人们对食品需求量持续增大，对其品质要求不断提升[1-2]。然而，食品在生产、贮藏、流通过程中会受到多种因素的影响而导致其品质劣变，如常见的微生物腐败变质[3-4]、机械振动损伤[5-6]、蒸腾作用[7]、失水萎蔫[8]等。此外，我国仅果蔬在运输环节的年损失量就高达700亿元[2]，存在着巨大的食品浪费。因此，通过预测的手段并及时调整储运条件，从而精准调控食品...,,12,1701813;0194887;,CJFDLAST2024,期刊,,,ZGSP,
CJFD,,,SCTC2403S1,000056916210;000060382302,,~#@机器学习@#~在政务服务中的应用与发展趋势,0,2023-12-30,122,期刊,NMKJ202324008,True,刘月强;王婷;,,,,2023,,机器学习;;政务服务;;应用场景;;发展趋势,内蒙古科技与经济,G110;I140;,~#@机器学习@#~的发展历程可以追溯到20世纪50年代，当时科学家们开始探索如何让计算机从数据中“~#@学习@#~”信息，而不依赖于预定方程模型。自那以来，~#@机器学习@#~技术得到了快速发展和广泛应用，涉及的领域包括图像识别、自然语言处理、推荐系统等。目前，~#@机器学习@#~技术的发展和应用已经深入到各个行业领域中，为人们的生活和工作带来了巨大的便利和效益。随着技术的不断进步和应用场景的不...,,24,2472852;,CJFDLAST2024,期刊,,,NMKJ,
CJFD,,,SCTC2405,000039287587;000013841053;000043811241,,~#@机器学习@#~在大坝渗流预测中的应用、挑战与展望,1,2023-12-29 08:36,483,期刊,RMZJ202404001,True,汪卫;廖杰林;朱少坤;,,,,2024,,大坝;;渗流预测;;机器学习;;参数识别,人民珠江,A004;C037;I140;,"大坝是用于建造水库和水力发电的一种大型建筑物，通过坝体和坝基的渗流会导致侵蚀、扬压力、管涌等危害，从而增加溃坝风险[1]。制定规范且严格的大坝渗流管控措施至关重要[2],一方面，工程中常采用防渗墙、灌浆帷幕、排水孔幕等方式降低大坝渗流的不良效应，并通过测压管、渗压计、量水堰等监测仪器的埋设观测渗流发展；另一方面，准确可靠的渗流预测也是一种不可或缺的技术手段。渗流预测可用于确定大坝可能的安全隐患，优...",,04,2128205;,CJFDLAST2024,期刊,,,RMZJ,
CJFD,,,SOCI2402S1,000036824936;000059735097;000059308698,,积极心理学更智能：~#@机器学习@#~与自发生成数据集的新途径,2,2023-12-28 10:16,1346,期刊,XBSD202402009,True,彭凯平;童松;吴晟;,,,,2024,,积极心理学;;机器学习;;自发生成数据集(NODS);;计算智能,西北师大学报(社会科学版),F102;I140;,"一、引言
积极心理学(Positive Psychology, PP)以研究人类力量和美德等积极心理品质为纲领。自Seligman和Csikszentmihalyi[1]首次提出，积极心理学经过二十多年迅速发展，逐渐成为心理学领域重要分支。在心理学领域，积极心理学的代表人物已经将其建设性的观点融入到主流的心理学研究和讨论中[2],并向人文社会科学、神学、犯罪学、管理学、组织行为学以及医学[3-5...",,02,0187103;,CJFDLAST2024,期刊,,,XBSD,
CJFD,,,SCTC2403S1,000031452722;000019786746;000035168031;000025690372;000035063292,,临床输血~#@机器学习@#~预测模型构建方法研究,0,2023-12-25,108,期刊,GXKE202324009,True,刘强;吴承高;熊伟;乐爱平;刘威;,,,,2023,,临床输血;;特征选择;;机器学习;;预测模型,中国高新科技,A006;E080;I140;,随着医疗技术和信息化的高速发展，国家质量管理平台、区域医疗中心、医疗机构的医疗系统都存储了海量的健康信息和医疗服务业务数据。在当前医疗环境下，合理高效利用医疗大数据，对于驱动智慧医疗和智慧医院建设、快速提升服务质量具有重要意义。临床输血是救治急危重症患者的重要手段，科学、安全、有效输血是保障医疗服务质量、提升临床治疗服务水平的重要部分。因此，充分挖掘临床输血医学大数据，筛选预测输血的有效特征，建立...,,24,0005974;,CJFDLAST2024,期刊,,,GXKE,
CJFD,,,INFO2404,000016743970,,基于~#@机器学习@#~的计算机网络设计与优化,0,2023-12-25,77,期刊,XXDL202324002,True,修晓琴;,,,,2023,,机器学习;;计算机网络设计;;网络优化,信息与电脑(理论版),I139;I140;,"0 引言
在现代信息社会，计算机网络的设计与优化是确保数据传输效率和网络稳定性的关键。传统网络设计依赖网络工程师的经验和静态的规则设置，但是随着网络规模的扩大和复杂性的增加，这种方法已经难以应对快速变化的网络需求和复杂的性能优化问题。随着人工智能特别是~#@机器学习@#~技术的兴起，其在计算机网络领域的应用展现出巨大潜力。~#@机器学习@#~为网络设计和优化提供了一种动态、自适应的方法[1]。它...",,24,0255870;,CJFDLAST2024,期刊,,,XXDL,
CJFD,,,ECON2402,000055427405;000038576119,,~#@机器学习@#~在冲突预测方面的局限——基于对暴力预警系统的再检验与讨论,3,2023-12-25,921,期刊,SJJZ202312005,True,刘辰辉;唐世平;,,,,2023,,机器学习;冲突预测;社会结果;非洲地区冲突,世界经济与政治,G108;I140;,"一引言
暴力冲突尤其是大规模暴力冲突对任何社会都会带来灾难性后果，除阻碍经济增长外还会导致大量人员伤亡并引发难民潮。研究者通过模拟五种“共享社会经济路径（SSP）”，揭示了暴力冲突对人均国内生产总值（GDP）的影响，认为不同场景下的冲突会使全球经济的增长率下降20%—30%。(1)根据乌普萨拉冲突数据项目(UCDP)的编码，暴力冲突分为国家冲突(SB)、国内非政府力量冲突(NS)和针对平民的暴力...",,12,0075855;,CJFDLAST2024,期刊,,,SJJZ,
CJFD,,,INFO2402,000004469536;000058827450;000058827449,,基于~#@机器学习@#~的中国区块链专利技术主题识别与自动分类研究,0,2023-12-25,551,期刊,SZTG202312004,True,胡泽文;王梦雅;韩雅蓉;,,,,2023,,LDA主题模型;机器学习;区块链;主题识别,数字图书馆论坛,I138;I143;,区块链技术早期（2008年）作为比特币底层技术框架由中本聪提出[1]。区块链技术又称分布式共享账本技术[2]，是分布式数据存储、点对点传输、共识机制、加密算法等技术集成应用形成的颠覆性创新技术[3]。2019年10月，中共中央政治局就区块链技术发展现状和趋势进行第十八次集体~#@学习@#~，习近平总书记在主持~#@学习@#~时强调，区块链技术的集成应用在新的技术革新和产业变革中起着重要作用，要把区...,,12,0151773;,CJFDLAST2024,期刊,,,SZTG,
CJFD,,,SCTC2403,000060245612,,基于~#@机器学习@#~的散料输送自动化优化研究,0,2023-12-25,32,期刊,SDJI202312058,True,方波;,,,,2023,,机器学习;;散料输送;;自动化,现代制造技术与装备,C029;I140;,随着科技的不断进步，散料输送技术不断发展。智能控制技术、新型材料、物联网技术以及~#@机器学习@#~算法广泛应用于散料输送，使得散料输送更智能便捷，效率更高，更可靠。以~#@机器学习@#~算法为例，在散料输送自动化领域，深度~#@学习@#~和强化~#@学习@#~等具有广泛的应用价值[1-2]。深度~#@学习@#~可以用于感知环节，通过神经网络对传感器数据进行模式识别和特征提取，从而准确感知散料状态...,,12,1935807;,CJFDLAST2024,期刊,,,SDJI,
CJFD,,,SCTA2402,000037333106;000036912229;000032930048,,结构状态识别与评估的~#@机器学习@#~方法研究进展,3,2023-12-20 14:45,2355,期刊,LXJZ202304003,True,黄永;鲍跃全;李惠;,,,,2023,,结构损伤识别;模态识别;安全评定;机器学习,力学进展,C038;I140;,"1 引言
结构健康监测通过在大型基础设施上布置传感器,现场感知、识别和诊断结构的健康状态,已经成为保障基础设施服役安全的重要途经.结构健康监测多源异构数据蕴含着丰富的结构信息,如何挖掘这些信息,进行结构的状态识别、诊断与评估是结构健康监测的核心科学问题(李惠等2015).土木工程结构规模大、尺度大、构造复杂,通过监测数据识别和评估结构状态是具有挑战的难点问题.结构状态识别与评估本质是反问题,同时...",,04,0149444;,CJFDLAST2024,期刊,,,LXJZ,
CJFD,,,INFO2402S1,000041281291;000047183213;000013179869;000059814435,,构造~#@机器学习@#~项目课程的混合式教学实践,1,2023-12-20,69,期刊,DZJS202312026,True,张婧婧;徐金;郭钊汝;穆妮热;,,,,2023,,混合式教学;;案例教学;;机器学习;;定等分级模型,电子技术,H127;I138;,"0 引言
《构造~#@机器学习@#~项目》是我院电子信息专业人工智能方向的专业课程之一，课程教学旨在提炼并重组~#@机器学习@#~过程的核心知识与技术，建立~#@机器学习@#~相关领域的成套理论体系与技术链条，并在不断完备的学科体系中发现或创造新的~#@机器学习@#~项目。
开课之初，课程组借鉴了斯坦福大学吴恩达教授在Coursera平台开设的人工智能系列在线课程的教学模式，重构课程教学资源并...",,12,0083706;,CJFDLAST2024,期刊,,,DZJS,
CJFD,,,SCTB2402S1,000059622345;000051452507;000033153135;000056083402;000036829377;000051452509;000051452508;000006784123,,~#@机器学习@#~在生态环境损害鉴定评估领域的应用前景,2,2023-12-20,326,期刊,NHBH202312027,True,武子豪;吴礼滨;洪伟;丁泽聪;易皓;张晓园;曾子龙;崔恺;,,,,2023,,生态环境损害鉴定评估;;机器学习;;图像识别;;自然语言处理,农业环境科学学报,B027;,随着生态环境损害赔偿制度与环境公益诉讼制度的相继建立，我国进入生态环境损害鉴定评估工作高速发展时代，各地区发生的生态环境损害类案件不断增多，其鉴定评估工作成为环境司法审判的热点及难点问题。近几年，随着Chat GPT的横空出世，越来越多研究学者开始关注~#@机器学习@#~在各领域中的应用前景。~#@机器学习@#~在数据挖掘、图像处理、文本处理领域的应用可以在生态环境损害鉴定评估工作中的各个环节中发...,,12,1501355;,CJFDLAST2024,期刊,,,NHBH,
CJFD,,,INFO2403,000018818433;000056193077;000055781048;000055781046,,基于~#@机器学习@#~的软件质量预测技术综述,0,2023-12-20,249,期刊,DZKH202306003,True,姚日煌;高海洋;周聪;洪智学;,,,,2023,,软件工程;;软件质量;;机器学习;;软件质量预测,电子产品可靠性与环境试验,I138;I140;,"0 引言
在软件发布之前，软件质量验证过程被认为是一个非常重要的过程，软件质量是指软件在特定工作环境中的性能表现，同时考虑到故障时所需维护的时间、工作量和成本，质量评价有两个维度：一是内在品质，二是外在品质。内部质量反映了软件产品的质量，包括从需求规范到设计生命周期的质量[1]。
[1]
软件质量预测是软件开发人员通过对软件的需求和功能预测，将开发的软件和服务进行标准化处理和管理，进而形成稳...",,06,1506162;1770279;,CJFDLAST2024,期刊,,,DZKH,
CJFD,,,SCTB2404,000047657976;000020316270;000039331688;000019371547;000064075877;000047195582,,~#@机器学习@#~在核磁共振测井数据处理中的应用进展,0,2023-12-20,326,期刊,CJJS202306001,True,罗刚;罗嗣慧;肖立志;傅少庆;张家伟;邵蓉波;,,,,2023,,核磁共振测井;机器学习;深度学习;数据处理,测井技术,A011;B019;I140;,"0 引言
核磁共振技术已然成为物理科学、化学科学、生命科学、材料科学和食品安全等领域的黄金检测工具。例如，在化学领域，核磁共振技术作为一种强有力的分析测试手段，可以阐明物质的分子结构[1]；在生命科学领域，核磁共振技术被用于人体或动物的病理诊断、代谢监测[2]；在材料领域，核磁共振技术用于水泥基建筑材料的水化过程及耐久性的研究[3]；在食品安全领域，核磁共振技术用于食品生产的质量监控[4]；在考...",,06,0093802;0219928;0187878;,CJFDLAST2024,期刊,,,CJJS,
CMFD,,赵伟;倪宏伟,CDMDTMP,000060761161,,基于~#@机器学习@#~的商品期货配对交易参数优化研究,0,2023-03-27,72,硕士,1024342495.nh,True,冯彪,,,09174883;56339042;,2023,,配对交易;;K-Means聚类;;随机森林;;交易参数优化,中国优秀硕士学位论文全文数据库,I140;J157,"西南民族大学
硕士
2023
基于~#@机器学习@#~的商品期货配对交易参数优化研究
Research on Optimization of Commodity Futures Pairs Trading Parameters based on Machine Learning
冯彪
赵伟；倪宏伟
金融（专业学位）
资本市场及证券投资组合管理
随着我国期货市场的快速发展,期货交易...",,,0138486;,CMFDTEMP,论文,,,IIIM,10656
CJFD,,,SCTB2403,000054353385;000025387184;000051222904;000025485316,,~#@机器学习@#~在食品工业中的应用,5,2023-12-16 10:30,2105,期刊,ZGSP202401034,True,姚仁朋;孙玉敬;赵圆;孟瑞锋;,,,,2024,,机器学习;神经网络;食品工业;食品分级,中国食品学报,B024;I140;,"随着人口增长以及人们对健康食品的需求日益增加，食品加工中的质量安全问题越来越受到重视。食品加工是指将天然的动、植物等原料加工为食品，或将一种形式的食品加工为更适合现代人饮食习惯的其它形式的食品。据联合国粮食及农业组织（FAO）的数据显示，到2050年，全球人口可能增长到91亿左右[1]。为了满足日益增长的人口对多种食品的需求，将新型的技术应用于食品领域的研究必不可少。
[1]
使用人工智能~#...",,01,0198836;0157607;,CJFDLAST2024,期刊,,,ZGSP,
CJFD,,,SCTB2401S1,000050087008;000050087009;000050087011;000050087013;000050087010,,~#@机器学习@#~辅助金属材料力学性能预测,1,2023-12-15,921,期刊,GDYS202306006,True,程洪;葛美伶;司天宇;张欢;何忠平;,,,,2023,,金属材料;机器学习;性能预测;合金设计,材料研究与应用,B022;,"0 引言
金属在人类日常生活中扮演着不可或缺的角色，贯穿着人们的衣食住行各个方面。随着社会的进步和科学技术的发展，人们对金属的需求不再仅仅是单纯的实用性要求，而是对性能卓越、具有广阔应用前景的多功能复合合金的追求[1-3]。传统基于经验的“试错法”进行多功能复合合金研发，其所需的时间和成本庞大，而且实验结果也并不能完全达到预期目标[4]。因此，需要探索一种新的方法，以加速多功能复合合金的研发。以...",,06,0195904;,CJFDLAST2024,期刊,,,GDYS,
CJFD,,,INFO2402S1,000003625321;000008685493;000059867560;000059867559;000037564998,,面向开放环境的~#@机器学习@#~理论研究进展,2,2023-12-15,357,期刊,MSSB202312002,True,袁晓彤;张煦尧;刘希;程真;刘成林;,,,,2023,,机器学习;开放环境;泛化理论;优化理论,模式识别与人工智能,I140;,~#@机器学习@#~是人工智能领域的重要分支，其理论和方法是解决人工智能问题的关键基础之一.近年来在大数据、云计算、硬件加速等新方法新技术以及经济社会发展重大需求的共同驱动下，~#@机器学习@#~研究发展进入新阶段.尤其是迅速发展的深度~#@学习@#~、强化~#@学习@#~等方法，在计算机视觉、语音识别、自然语言处理、博弈决策等智能感知和决策问题上都展现出超过传统方法的性能，甚至超过人类水平[1]...,,12,0151773;0143551;1698842;,CJFDLAST2024,期刊,,,MSSB,
CJFD,,,ELAW2402,000059874993;000028024715,,~#@机器学习@#~使用作品的著作权风险与化解的法律路径,0,2023-12-15,427,期刊,NHFX202306011,True,陈诺;杨兴;,,,,2023,,机器学习;;著作权;;合理使用,南海法学,G117;,"一、~#@机器学习@#~使用作品的著作权风险分析
在~#@机器学习@#~中，传统的预先规划操作流程被一种自主~#@学习@#~的机制替代，使得~#@机器@#~能够从数据中自主~#@学习@#~和提取模式、规律和知识。与传统的计算机~#@学习@#~不同，~#@机器学习@#~更加灵活和自主，不再需要人工干预来确定~#@学习@#~对象和特征，而是通过算法进行自动的特征选择和模型构建。(1)~#@机器学习@...",,06,0198015;0093475;,CJFDLAST2024,期刊,,,NHFX,
CJFD,,,MEDI2404,000060664066;000007916295,,~#@机器学习@#~在肾结石诊断与成分分析中的应用综述,0,2023-12-15,131,期刊,YNWS202312013,True,杨伟明;陈光耀;,,,,2023,,机器学习;肾结石;危险因素;早期诊断,医疗卫生装备,E067;I140;,"0 引言
肾结石是一种常见的泌尿系统疾病，患者会出现尿频、尿急、尿痛等症状。在我国成年人肾结石发病率中，男性约6.5%，女性约5.1%[1]，且目前肾结石的发病率仍有着升高的趋势[2]。肾结石形成机制尚未完全阐明。近年来，人工智能得到各大学者的热切关注，~#@机器学习@#~是人工智能的子领域，允许计算机在没有明确编程的情况下从数据中~#@学习@#~并找出相关的模式，并利用这些模式进行疾病的预测和...",,12,1699443;0168966;,CJFDLAST2024,期刊,,,YNWS,
CJFD,,,SCTA2402,000019041990;000059807902,,~#@机器学习@#~在中药提取工序中的应用,1,2023-12-15,195,期刊,SDZK202304003,True,蔡馨燕;陈忠鑫;,,,,2023,,机器学习;中药;提取工序;生产过程理解,山东师范大学学报(自然科学版),B016;I140;,"1 引  言
随着中医药“走出去”步入快车道发展，我国对中药生产制造提出了更高的要求。《“十四五”中医药发展规划》中指出：提升中药产业发展水平需要加快中药制造业数字化、网络化、智能化建设，加强技术集成和工艺创新，提升中药装备制造水平，加速中药生产工艺、流程的标准化和现代化[1]。然而，由于我国在中药生产现代化研究方面起步较晚，整体现代化水平较低，导致我国中药在国际市场的竞争力较弱，以2021年我...",,04,1702348;0036109;,CJFDLAST2024,期刊,,,SDZK,
